,TS,Algo,Graph,NThread,Dur
0,2016-12-11_131002,pf_Greedy,wikipedia,1,869.648889
1,2016-12-11_131002,pf_Greedy,wikipedia,1,874.1584369999999
2,2016-12-11_131002,pf_Greedy,wikipedia,1,883.007362
3,2016-12-11_131002,pf_Greedy,wikipedia,1,875.630019
4,2016-12-11_131002,pf_Greedy,wikipedia,1,874.524852
5,2016-12-11_131002,pf_Greedy,wikipedia,1,871.1672140000001
6,2016-12-11_131002,pf_Greedy,wikipedia,1,875.7676560000001
7,2016-12-11_131002,pf_Greedy,wikipedia,1,873.168541
8,2016-12-11_131002,pf_Greedy,wikipedia,1,871.199392
9,2016-12-11_131002,pf_Greedy,wikipedia,1,871.2724289999999
10,2016-12-11_122602,pf_KS,wikipedia,1,250.44100299999997
11,2016-12-11_122602,pf_KS,wikipedia,1,247.08045
12,2016-12-11_122602,pf_KS,wikipedia,1,243.970059
13,2016-12-11_122602,pf_KS,wikipedia,1,241.239956
14,2016-12-11_122602,pf_KS,wikipedia,1,238.229858
15,2016-12-11_122602,pf_KS,wikipedia,1,235.408316
16,2016-12-11_122602,pf_KS,wikipedia,1,232.80400899999998
17,2016-12-11_122602,pf_KS,wikipedia,1,232.45342999999997
18,2016-12-11_122602,pf_KS,wikipedia,1,230.14329300000003
19,2016-12-11_122602,pf_KS,wikipedia,1,232.488219
20,2016-12-11_181432,ppfTTAS_Greedy,wikipedia,10,113.098345
21,2016-12-11_181432,ppfTTAS_Greedy,wikipedia,10,127.241207
22,2016-12-11_181432,ppfTTAS_Greedy,wikipedia,10,109.827661
23,2016-12-11_181432,ppfTTAS_Greedy,wikipedia,10,108.26392299999999
24,2016-12-11_181432,ppfTTAS_Greedy,wikipedia,10,124.45393999999999
25,2016-12-11_181432,ppfTTAS_Greedy,wikipedia,10,116.28757399999999
26,2016-12-11_181432,ppfTTAS_Greedy,wikipedia,10,115.372351
27,2016-12-11_181432,ppfTTAS_Greedy,wikipedia,10,109.63343300000001
28,2016-12-11_181432,ppfTTAS_Greedy,wikipedia,10,110.967649
29,2016-12-11_181432,ppfTTAS_Greedy,wikipedia,10,110.62381699999999
30,2016-12-11_181432,ppfTTAS_Greedy,wikipedia,10,127.408418
31,2016-12-11_181432,ppfTTAS_Greedy,wikipedia,10,110.63796799999999
32,2016-12-11_181432,ppfTTAS_Greedy,wikipedia,10,108.02725
33,2016-12-11_181432,ppfTTAS_Greedy,wikipedia,10,128.076266
34,2016-12-11_181432,ppfTTAS_Greedy,wikipedia,10,119.564571
35,2016-12-11_181432,ppfTTAS_Greedy,wikipedia,10,111.008845
36,2016-12-11_181432,ppfTTAS_Greedy,wikipedia,10,106.49446599999999
37,2016-12-11_181432,ppfTTAS_Greedy,wikipedia,10,117.536492
38,2016-12-11_181432,ppfTTAS_Greedy,wikipedia,10,113.945167
39,2016-12-11_181432,ppfTTAS_Greedy,wikipedia,10,119.818708
40,2016-12-11_181432,ppfTTAS_Greedy,wikipedia,10,110.303696
41,2016-12-11_181432,ppfTTAS_Greedy,wikipedia,10,107.80644099999999
42,2016-12-11_181432,ppfTTAS_Greedy,wikipedia,10,134.529505
43,2016-12-11_181432,ppfTTAS_Greedy,wikipedia,10,122.653722
44,2016-12-11_181432,ppfTTAS_Greedy,wikipedia,10,114.91798500000002
45,2016-12-11_181432,ppfTTAS_Greedy,wikipedia,10,113.599331
46,2016-12-11_181432,ppfTTAS_Greedy,wikipedia,10,117.51973899999999
47,2016-12-11_181432,ppfTTAS_Greedy,wikipedia,10,113.770322
48,2016-12-11_181432,ppfTTAS_Greedy,wikipedia,10,130.330328
49,2016-12-11_181432,ppfTTAS_Greedy,wikipedia,10,112.31624099999999
50,2016-12-11_181432,ppfTTAS_Greedy,wikipedia,20,48.631788
51,2016-12-11_181432,ppfTTAS_Greedy,wikipedia,20,47.241281
52,2016-12-11_181432,ppfTTAS_Greedy,wikipedia,20,48.268399
53,2016-12-11_181432,ppfTTAS_Greedy,wikipedia,20,47.729296000000005
54,2016-12-11_181432,ppfTTAS_Greedy,wikipedia,20,47.761058
55,2016-12-11_181432,ppfTTAS_Greedy,wikipedia,20,48.350331
56,2016-12-11_181432,ppfTTAS_Greedy,wikipedia,20,49.428501000000004
57,2016-12-11_181432,ppfTTAS_Greedy,wikipedia,20,49.054662
58,2016-12-11_181432,ppfTTAS_Greedy,wikipedia,20,47.905981
59,2016-12-11_181432,ppfTTAS_Greedy,wikipedia,20,49.062903000000006
60,2016-12-11_181432,ppfTTAS_Greedy,wikipedia,20,48.278181
61,2016-12-11_181432,ppfTTAS_Greedy,wikipedia,20,46.631479999999996
62,2016-12-11_181432,ppfTTAS_Greedy,wikipedia,20,47.868519
63,2016-12-11_181432,ppfTTAS_Greedy,wikipedia,20,49.704141
64,2016-12-11_181432,ppfTTAS_Greedy,wikipedia,20,46.299057
65,2016-12-11_181432,ppfTTAS_Greedy,wikipedia,20,49.680857
66,2016-12-11_181432,ppfTTAS_Greedy,wikipedia,20,48.275211999999996
67,2016-12-11_181432,ppfTTAS_Greedy,wikipedia,20,48.330937
68,2016-12-11_181432,ppfTTAS_Greedy,wikipedia,20,49.39387
69,2016-12-11_181432,ppfTTAS_Greedy,wikipedia,20,49.253033
70,2016-12-11_181432,ppfTTAS_Greedy,wikipedia,20,48.439529
71,2016-12-11_181432,ppfTTAS_Greedy,wikipedia,20,48.219623
72,2016-12-11_181432,ppfTTAS_Greedy,wikipedia,20,48.154394
73,2016-12-11_181432,ppfTTAS_Greedy,wikipedia,20,47.627966
74,2016-12-11_181432,ppfTTAS_Greedy,wikipedia,20,48.891374
75,2016-12-11_181432,ppfTTAS_Greedy,wikipedia,20,48.337088
76,2016-12-11_181432,ppfTTAS_Greedy,wikipedia,20,48.16722
77,2016-12-11_181432,ppfTTAS_Greedy,wikipedia,20,48.044762
78,2016-12-11_181432,ppfTTAS_Greedy,wikipedia,20,48.537428999999996
79,2016-12-11_181432,ppfTTAS_Greedy,wikipedia,20,47.109458000000004
80,2016-12-11_181432,ppfTTAS_Greedy,wikipedia,30,32.594999
81,2016-12-11_181432,ppfTTAS_Greedy,wikipedia,30,33.179629999999996
82,2016-12-11_181432,ppfTTAS_Greedy,wikipedia,30,32.443264
83,2016-12-11_181432,ppfTTAS_Greedy,wikipedia,30,33.587804
84,2016-12-11_181432,ppfTTAS_Greedy,wikipedia,30,32.641426
85,2016-12-11_181432,ppfTTAS_Greedy,wikipedia,30,32.255227000000005
86,2016-12-11_181432,ppfTTAS_Greedy,wikipedia,30,33.009574
87,2016-12-11_181432,ppfTTAS_Greedy,wikipedia,30,32.107634000000004
88,2016-12-11_181432,ppfTTAS_Greedy,wikipedia,30,32.193364
89,2016-12-11_181432,ppfTTAS_Greedy,wikipedia,30,32.196359
90,2016-12-11_181432,ppfTTAS_Greedy,wikipedia,30,32.074971000000005
91,2016-12-11_181432,ppfTTAS_Greedy,wikipedia,30,32.167795
92,2016-12-11_181432,ppfTTAS_Greedy,wikipedia,30,32.153884000000005
93,2016-12-11_181432,ppfTTAS_Greedy,wikipedia,30,34.156427
94,2016-12-11_181432,ppfTTAS_Greedy,wikipedia,30,32.562489
95,2016-12-11_181432,ppfTTAS_Greedy,wikipedia,30,32.39419
96,2016-12-11_181432,ppfTTAS_Greedy,wikipedia,30,32.503908
97,2016-12-11_181432,ppfTTAS_Greedy,wikipedia,30,33.923305
98,2016-12-11_181432,ppfTTAS_Greedy,wikipedia,30,32.517266
99,2016-12-11_181432,ppfTTAS_Greedy,wikipedia,30,32.504843
100,2016-12-11_181432,ppfTTAS_Greedy,wikipedia,30,32.964960999999995
101,2016-12-11_181432,ppfTTAS_Greedy,wikipedia,30,32.678074
102,2016-12-11_181432,ppfTTAS_Greedy,wikipedia,30,31.7948
103,2016-12-11_181432,ppfTTAS_Greedy,wikipedia,30,31.780651000000002
104,2016-12-11_181432,ppfTTAS_Greedy,wikipedia,30,32.576257
105,2016-12-11_181432,ppfTTAS_Greedy,wikipedia,30,32.598917
106,2016-12-11_181432,ppfTTAS_Greedy,wikipedia,30,32.590671
107,2016-12-11_181432,ppfTTAS_Greedy,wikipedia,30,32.438346
108,2016-12-11_181432,ppfTTAS_Greedy,wikipedia,30,32.116411
109,2016-12-11_181432,ppfTTAS_Greedy,wikipedia,30,32.481268
110,2016-12-11_181432,ppfTTAS_Greedy,wikipedia,40,23.875207999999997
111,2016-12-11_181432,ppfTTAS_Greedy,wikipedia,40,23.322045000000003
112,2016-12-11_181432,ppfTTAS_Greedy,wikipedia,40,23.162573000000002
113,2016-12-11_181432,ppfTTAS_Greedy,wikipedia,40,23.769445
114,2016-12-11_181432,ppfTTAS_Greedy,wikipedia,40,22.789158
115,2016-12-11_181432,ppfTTAS_Greedy,wikipedia,40,23.666701999999997
116,2016-12-11_181432,ppfTTAS_Greedy,wikipedia,40,23.051927
117,2016-12-11_181432,ppfTTAS_Greedy,wikipedia,40,23.707559
118,2016-12-11_181432,ppfTTAS_Greedy,wikipedia,40,23.285579000000002
119,2016-12-11_181432,ppfTTAS_Greedy,wikipedia,40,22.649484
120,2016-12-11_181432,ppfTTAS_Greedy,wikipedia,40,23.34517
121,2016-12-11_181432,ppfTTAS_Greedy,wikipedia,40,24.860864000000003
122,2016-12-11_181432,ppfTTAS_Greedy,wikipedia,40,23.049754
123,2016-12-11_181432,ppfTTAS_Greedy,wikipedia,40,22.510361
124,2016-12-11_181432,ppfTTAS_Greedy,wikipedia,40,23.401213000000002
125,2016-12-11_181432,ppfTTAS_Greedy,wikipedia,40,22.763908999999998
126,2016-12-11_181432,ppfTTAS_Greedy,wikipedia,40,23.757764
127,2016-12-11_181432,ppfTTAS_Greedy,wikipedia,40,23.810364
128,2016-12-11_181432,ppfTTAS_Greedy,wikipedia,40,23.382388
129,2016-12-11_181432,ppfTTAS_Greedy,wikipedia,40,22.733
130,2016-12-11_181432,ppfTTAS_Greedy,wikipedia,40,23.009203
131,2016-12-11_181432,ppfTTAS_Greedy,wikipedia,40,23.591242
132,2016-12-11_181432,ppfTTAS_Greedy,wikipedia,40,23.338468
133,2016-12-11_181432,ppfTTAS_Greedy,wikipedia,40,22.490275
134,2016-12-11_181432,ppfTTAS_Greedy,wikipedia,40,22.698179
135,2016-12-11_181432,ppfTTAS_Greedy,wikipedia,40,23.857463
136,2016-12-11_181432,ppfTTAS_Greedy,wikipedia,40,23.587726999999997
137,2016-12-11_181432,ppfTTAS_Greedy,wikipedia,40,23.367877
138,2016-12-11_181432,ppfTTAS_Greedy,wikipedia,40,23.259785
139,2016-12-11_181432,ppfTTAS_Greedy,wikipedia,40,23.550612
140,2016-12-11_181432,ppfTTAS_Greedy,wikipedia,50,17.288649
141,2016-12-11_181432,ppfTTAS_Greedy,wikipedia,50,17.311971
142,2016-12-11_181432,ppfTTAS_Greedy,wikipedia,50,17.516932
143,2016-12-11_181432,ppfTTAS_Greedy,wikipedia,50,16.973001
144,2016-12-11_181432,ppfTTAS_Greedy,wikipedia,50,16.695364
145,2016-12-11_181432,ppfTTAS_Greedy,wikipedia,50,17.460607999999997
146,2016-12-11_181432,ppfTTAS_Greedy,wikipedia,50,17.428086999999998
147,2016-12-11_181432,ppfTTAS_Greedy,wikipedia,50,17.390342999999998
148,2016-12-11_181432,ppfTTAS_Greedy,wikipedia,50,17.180259
149,2016-12-11_181432,ppfTTAS_Greedy,wikipedia,50,16.887179
150,2016-12-11_181432,ppfTTAS_Greedy,wikipedia,50,17.193892
151,2016-12-11_181432,ppfTTAS_Greedy,wikipedia,50,17.205361
152,2016-12-11_181432,ppfTTAS_Greedy,wikipedia,50,17.287641
153,2016-12-11_181432,ppfTTAS_Greedy,wikipedia,50,17.448456
154,2016-12-11_181432,ppfTTAS_Greedy,wikipedia,50,17.655016
155,2016-12-11_181432,ppfTTAS_Greedy,wikipedia,50,17.827607
156,2016-12-11_181432,ppfTTAS_Greedy,wikipedia,50,17.448397
157,2016-12-11_181432,ppfTTAS_Greedy,wikipedia,50,16.950046
158,2016-12-11_181432,ppfTTAS_Greedy,wikipedia,50,17.05441
159,2016-12-11_181432,ppfTTAS_Greedy,wikipedia,50,18.163149
160,2016-12-11_181432,ppfTTAS_Greedy,wikipedia,50,17.176991
161,2016-12-11_181432,ppfTTAS_Greedy,wikipedia,50,17.239067000000002
162,2016-12-11_181432,ppfTTAS_Greedy,wikipedia,50,17.148166
163,2016-12-11_181432,ppfTTAS_Greedy,wikipedia,50,17.375507
164,2016-12-11_181432,ppfTTAS_Greedy,wikipedia,50,16.726038
165,2016-12-11_181432,ppfTTAS_Greedy,wikipedia,50,17.175425
166,2016-12-11_181432,ppfTTAS_Greedy,wikipedia,50,17.640916
167,2016-12-11_181432,ppfTTAS_Greedy,wikipedia,50,17.896044
168,2016-12-11_181432,ppfTTAS_Greedy,wikipedia,50,16.925161
169,2016-12-11_181432,ppfTTAS_Greedy,wikipedia,50,16.964426
170,2016-12-11_181432,ppfTTAS_Greedy,wikipedia,60,13.130914
171,2016-12-11_181432,ppfTTAS_Greedy,wikipedia,60,13.196782
172,2016-12-11_181432,ppfTTAS_Greedy,wikipedia,60,13.170553
173,2016-12-11_181432,ppfTTAS_Greedy,wikipedia,60,13.598445000000002
174,2016-12-11_181432,ppfTTAS_Greedy,wikipedia,60,13.67801
175,2016-12-11_181432,ppfTTAS_Greedy,wikipedia,60,13.359229000000001
176,2016-12-11_181432,ppfTTAS_Greedy,wikipedia,60,14.129560000000001
177,2016-12-11_181432,ppfTTAS_Greedy,wikipedia,60,13.512391000000001
178,2016-12-11_181432,ppfTTAS_Greedy,wikipedia,60,13.09684
179,2016-12-11_181432,ppfTTAS_Greedy,wikipedia,60,13.063417999999999
180,2016-12-11_181432,ppfTTAS_Greedy,wikipedia,60,13.297108999999999
181,2016-12-11_181432,ppfTTAS_Greedy,wikipedia,60,13.813362
182,2016-12-11_181432,ppfTTAS_Greedy,wikipedia,60,13.30465
183,2016-12-11_181432,ppfTTAS_Greedy,wikipedia,60,13.665492
184,2016-12-11_181432,ppfTTAS_Greedy,wikipedia,60,12.929768
185,2016-12-11_181432,ppfTTAS_Greedy,wikipedia,60,13.303351000000001
186,2016-12-11_181432,ppfTTAS_Greedy,wikipedia,60,13.319201999999999
187,2016-12-11_181432,ppfTTAS_Greedy,wikipedia,60,13.123377
188,2016-12-11_181432,ppfTTAS_Greedy,wikipedia,60,13.445114000000002
189,2016-12-11_181432,ppfTTAS_Greedy,wikipedia,60,13.867262
190,2016-12-11_181432,ppfTTAS_Greedy,wikipedia,60,13.505317000000002
191,2016-12-11_181432,ppfTTAS_Greedy,wikipedia,60,13.185468
192,2016-12-11_181432,ppfTTAS_Greedy,wikipedia,60,13.232976
193,2016-12-11_181432,ppfTTAS_Greedy,wikipedia,60,13.712164999999999
194,2016-12-11_181432,ppfTTAS_Greedy,wikipedia,60,13.40161
195,2016-12-11_181432,ppfTTAS_Greedy,wikipedia,60,14.167453
196,2016-12-11_181432,ppfTTAS_Greedy,wikipedia,60,12.933475999999999
197,2016-12-11_181432,ppfTTAS_Greedy,wikipedia,60,13.143295000000002
198,2016-12-11_181432,ppfTTAS_Greedy,wikipedia,60,13.312778
199,2016-12-11_181432,ppfTTAS_Greedy,wikipedia,60,13.146585
200,2016-12-11_181432,ppfTTAS_Greedy,wikipedia,70,10.845669000000001
201,2016-12-11_181432,ppfTTAS_Greedy,wikipedia,70,10.870125
202,2016-12-11_181432,ppfTTAS_Greedy,wikipedia,70,11.013557
203,2016-12-11_181432,ppfTTAS_Greedy,wikipedia,70,11.197830999999999
204,2016-12-11_181432,ppfTTAS_Greedy,wikipedia,70,10.697208
205,2016-12-11_181432,ppfTTAS_Greedy,wikipedia,70,10.975241
206,2016-12-11_181432,ppfTTAS_Greedy,wikipedia,70,10.871619
207,2016-12-11_181432,ppfTTAS_Greedy,wikipedia,70,10.835721000000001
208,2016-12-11_181432,ppfTTAS_Greedy,wikipedia,70,10.873439999999999
209,2016-12-11_181432,ppfTTAS_Greedy,wikipedia,70,10.875846000000001
210,2016-12-11_181432,ppfTTAS_Greedy,wikipedia,70,11.151257000000001
211,2016-12-11_181432,ppfTTAS_Greedy,wikipedia,70,10.999716000000001
212,2016-12-11_181432,ppfTTAS_Greedy,wikipedia,70,10.822249000000001
213,2016-12-11_181432,ppfTTAS_Greedy,wikipedia,70,11.018358000000001
214,2016-12-11_181432,ppfTTAS_Greedy,wikipedia,70,11.033903
215,2016-12-11_181432,ppfTTAS_Greedy,wikipedia,70,10.865216
216,2016-12-11_181432,ppfTTAS_Greedy,wikipedia,70,11.165806
217,2016-12-11_181432,ppfTTAS_Greedy,wikipedia,70,11.159111
218,2016-12-11_181432,ppfTTAS_Greedy,wikipedia,70,11.001168
219,2016-12-11_181432,ppfTTAS_Greedy,wikipedia,70,10.684439
220,2016-12-11_181432,ppfTTAS_Greedy,wikipedia,70,11.145577000000001
221,2016-12-11_181432,ppfTTAS_Greedy,wikipedia,70,10.709007000000001
222,2016-12-11_181432,ppfTTAS_Greedy,wikipedia,70,10.854034
223,2016-12-11_181432,ppfTTAS_Greedy,wikipedia,70,10.816657000000001
224,2016-12-11_181432,ppfTTAS_Greedy,wikipedia,70,11.035708999999999
225,2016-12-11_181432,ppfTTAS_Greedy,wikipedia,70,10.809477000000001
226,2016-12-11_181432,ppfTTAS_Greedy,wikipedia,70,10.711974
227,2016-12-11_181432,ppfTTAS_Greedy,wikipedia,70,10.811386
228,2016-12-11_181432,ppfTTAS_Greedy,wikipedia,70,11.169578
229,2016-12-11_181432,ppfTTAS_Greedy,wikipedia,70,10.705797
230,2016-12-11_181432,ppfTTAS_Greedy,wikipedia,80,9.563182000000001
231,2016-12-11_181432,ppfTTAS_Greedy,wikipedia,80,9.775277
232,2016-12-11_181432,ppfTTAS_Greedy,wikipedia,80,10.054160000000001
233,2016-12-11_181432,ppfTTAS_Greedy,wikipedia,80,10.187292999999999
234,2016-12-11_181432,ppfTTAS_Greedy,wikipedia,80,9.625695
235,2016-12-11_181432,ppfTTAS_Greedy,wikipedia,80,10.067839
236,2016-12-11_181432,ppfTTAS_Greedy,wikipedia,80,10.263826
237,2016-12-11_181432,ppfTTAS_Greedy,wikipedia,80,9.655147
238,2016-12-11_181432,ppfTTAS_Greedy,wikipedia,80,9.635981
239,2016-12-11_181432,ppfTTAS_Greedy,wikipedia,80,9.916819
240,2016-12-11_181432,ppfTTAS_Greedy,wikipedia,80,9.894222000000001
241,2016-12-11_181432,ppfTTAS_Greedy,wikipedia,80,9.922735000000001
242,2016-12-11_181432,ppfTTAS_Greedy,wikipedia,80,9.506086999999999
243,2016-12-11_181432,ppfTTAS_Greedy,wikipedia,80,9.774291999999999
244,2016-12-11_181432,ppfTTAS_Greedy,wikipedia,80,9.578842
245,2016-12-11_181432,ppfTTAS_Greedy,wikipedia,80,9.464754
246,2016-12-11_181432,ppfTTAS_Greedy,wikipedia,80,9.609311
247,2016-12-11_181432,ppfTTAS_Greedy,wikipedia,80,9.922483
248,2016-12-11_181432,ppfTTAS_Greedy,wikipedia,80,9.769476
249,2016-12-11_181432,ppfTTAS_Greedy,wikipedia,80,10.349771
250,2016-12-11_181432,ppfTTAS_Greedy,wikipedia,80,9.811247999999999
251,2016-12-11_181432,ppfTTAS_Greedy,wikipedia,80,9.592587
252,2016-12-11_181432,ppfTTAS_Greedy,wikipedia,80,9.489633
253,2016-12-11_181432,ppfTTAS_Greedy,wikipedia,80,9.756003
254,2016-12-11_181432,ppfTTAS_Greedy,wikipedia,80,9.313759
255,2016-12-11_181432,ppfTTAS_Greedy,wikipedia,80,9.909816000000001
256,2016-12-11_181432,ppfTTAS_Greedy,wikipedia,80,9.796783
257,2016-12-11_181432,ppfTTAS_Greedy,wikipedia,80,9.760719
258,2016-12-11_181432,ppfTTAS_Greedy,wikipedia,80,10.060618
259,2016-12-11_181432,ppfTTAS_Greedy,wikipedia,80,10.075022
260,2016-12-11_181432,ppfTTAS_Greedy,wikipedia,90,8.588134
261,2016-12-11_181432,ppfTTAS_Greedy,wikipedia,90,9.266191000000001
262,2016-12-11_181432,ppfTTAS_Greedy,wikipedia,90,8.692969
263,2016-12-11_181432,ppfTTAS_Greedy,wikipedia,90,9.386096
264,2016-12-11_181432,ppfTTAS_Greedy,wikipedia,90,9.558502
265,2016-12-11_181432,ppfTTAS_Greedy,wikipedia,90,8.3193
266,2016-12-11_181432,ppfTTAS_Greedy,wikipedia,90,9.101186
267,2016-12-11_181432,ppfTTAS_Greedy,wikipedia,90,9.144227
268,2016-12-11_181432,ppfTTAS_Greedy,wikipedia,90,9.252457000000001
269,2016-12-11_181432,ppfTTAS_Greedy,wikipedia,90,8.999427
270,2016-12-11_181432,ppfTTAS_Greedy,wikipedia,90,8.882609
271,2016-12-11_181432,ppfTTAS_Greedy,wikipedia,90,9.28196
272,2016-12-11_181432,ppfTTAS_Greedy,wikipedia,90,9.128722999999999
273,2016-12-11_181432,ppfTTAS_Greedy,wikipedia,90,8.577277
274,2016-12-11_181432,ppfTTAS_Greedy,wikipedia,90,8.695667
275,2016-12-11_181432,ppfTTAS_Greedy,wikipedia,90,8.988511
276,2016-12-11_181432,ppfTTAS_Greedy,wikipedia,90,9.670845
277,2016-12-11_181432,ppfTTAS_Greedy,wikipedia,90,9.751569
278,2016-12-11_181432,ppfTTAS_Greedy,wikipedia,90,9.118814
279,2016-12-11_181432,ppfTTAS_Greedy,wikipedia,90,9.137606
280,2016-12-11_181432,ppfTTAS_Greedy,wikipedia,90,9.677921000000001
281,2016-12-11_181432,ppfTTAS_Greedy,wikipedia,90,9.079058999999999
282,2016-12-11_181432,ppfTTAS_Greedy,wikipedia,90,8.970460000000001
283,2016-12-11_181432,ppfTTAS_Greedy,wikipedia,90,8.939535000000001
284,2016-12-11_181432,ppfTTAS_Greedy,wikipedia,90,8.570375
285,2016-12-11_181432,ppfTTAS_Greedy,wikipedia,90,8.871250999999999
286,2016-12-11_181432,ppfTTAS_Greedy,wikipedia,90,9.543405
287,2016-12-11_181432,ppfTTAS_Greedy,wikipedia,90,8.710525
288,2016-12-11_181432,ppfTTAS_Greedy,wikipedia,90,9.679644
289,2016-12-11_181432,ppfTTAS_Greedy,wikipedia,90,9.629847
290,2016-12-11_181432,ppfTTAS_Greedy,wikipedia,100,7.380004
291,2016-12-11_181432,ppfTTAS_Greedy,wikipedia,100,7.0592429999999995
292,2016-12-11_181432,ppfTTAS_Greedy,wikipedia,100,6.9552380000000005
293,2016-12-11_181432,ppfTTAS_Greedy,wikipedia,100,7.274787
294,2016-12-11_181432,ppfTTAS_Greedy,wikipedia,100,7.023461
295,2016-12-11_181432,ppfTTAS_Greedy,wikipedia,100,7.285735000000001
296,2016-12-11_181432,ppfTTAS_Greedy,wikipedia,100,7.164559
297,2016-12-11_181432,ppfTTAS_Greedy,wikipedia,100,7.185797
298,2016-12-11_181432,ppfTTAS_Greedy,wikipedia,100,7.163904
299,2016-12-11_181432,ppfTTAS_Greedy,wikipedia,100,7.750027
300,2016-12-11_181432,ppfTTAS_Greedy,wikipedia,100,7.382606
301,2016-12-11_181432,ppfTTAS_Greedy,wikipedia,100,7.2725990000000005
302,2016-12-11_181432,ppfTTAS_Greedy,wikipedia,100,7.172019000000001
303,2016-12-11_181432,ppfTTAS_Greedy,wikipedia,100,7.395065
304,2016-12-11_181432,ppfTTAS_Greedy,wikipedia,100,7.189635000000001
305,2016-12-11_181432,ppfTTAS_Greedy,wikipedia,100,7.758767999999999
306,2016-12-11_181432,ppfTTAS_Greedy,wikipedia,100,7.176531
307,2016-12-11_181432,ppfTTAS_Greedy,wikipedia,100,7.283485000000001
308,2016-12-11_181432,ppfTTAS_Greedy,wikipedia,100,7.150874000000001
309,2016-12-11_181432,ppfTTAS_Greedy,wikipedia,100,7.512536999999999
310,2016-12-11_181432,ppfTTAS_Greedy,wikipedia,100,7.420266000000001
311,2016-12-11_181432,ppfTTAS_Greedy,wikipedia,100,7.177791
312,2016-12-11_181432,ppfTTAS_Greedy,wikipedia,100,7.280081
313,2016-12-11_181432,ppfTTAS_Greedy,wikipedia,100,7.287975
314,2016-12-11_181432,ppfTTAS_Greedy,wikipedia,100,6.93927
315,2016-12-11_181432,ppfTTAS_Greedy,wikipedia,100,7.1735869999999995
316,2016-12-11_181432,ppfTTAS_Greedy,wikipedia,100,7.411842999999999
317,2016-12-11_181432,ppfTTAS_Greedy,wikipedia,100,7.2603979999999995
318,2016-12-11_181432,ppfTTAS_Greedy,wikipedia,100,7.2942149999999994
319,2016-12-11_181432,ppfTTAS_Greedy,wikipedia,100,7.415888000000001
320,2016-12-11_181432,ppfTTAS_Greedy,wikipedia,110,6.617379
321,2016-12-11_181432,ppfTTAS_Greedy,wikipedia,110,6.9562029999999995
322,2016-12-11_181432,ppfTTAS_Greedy,wikipedia,110,6.96508
323,2016-12-11_181432,ppfTTAS_Greedy,wikipedia,110,6.643478999999999
324,2016-12-11_181432,ppfTTAS_Greedy,wikipedia,110,6.481561
325,2016-12-11_181432,ppfTTAS_Greedy,wikipedia,110,6.952507000000001
326,2016-12-11_181432,ppfTTAS_Greedy,wikipedia,110,6.533542
327,2016-12-11_181432,ppfTTAS_Greedy,wikipedia,110,6.594767999999999
328,2016-12-11_181432,ppfTTAS_Greedy,wikipedia,110,6.627422
329,2016-12-11_181432,ppfTTAS_Greedy,wikipedia,110,6.743947
330,2016-12-11_181432,ppfTTAS_Greedy,wikipedia,110,6.716982000000001
331,2016-12-11_181432,ppfTTAS_Greedy,wikipedia,110,6.857736999999999
332,2016-12-11_181432,ppfTTAS_Greedy,wikipedia,110,6.599798
333,2016-12-11_181432,ppfTTAS_Greedy,wikipedia,110,6.854495
334,2016-12-11_181432,ppfTTAS_Greedy,wikipedia,110,6.700516
335,2016-12-11_181432,ppfTTAS_Greedy,wikipedia,110,6.812346000000001
336,2016-12-11_181432,ppfTTAS_Greedy,wikipedia,110,6.723330000000001
337,2016-12-11_181432,ppfTTAS_Greedy,wikipedia,110,6.846572
338,2016-12-11_181432,ppfTTAS_Greedy,wikipedia,110,6.492703
339,2016-12-11_181432,ppfTTAS_Greedy,wikipedia,110,6.739305
340,2016-12-11_181432,ppfTTAS_Greedy,wikipedia,110,6.585614
341,2016-12-11_181432,ppfTTAS_Greedy,wikipedia,110,6.843137
342,2016-12-11_181432,ppfTTAS_Greedy,wikipedia,110,6.752317999999999
343,2016-12-11_181432,ppfTTAS_Greedy,wikipedia,110,6.613767
344,2016-12-11_181432,ppfTTAS_Greedy,wikipedia,110,6.536052
345,2016-12-11_181432,ppfTTAS_Greedy,wikipedia,110,6.380126000000001
346,2016-12-11_181432,ppfTTAS_Greedy,wikipedia,110,6.382828
347,2016-12-11_181432,ppfTTAS_Greedy,wikipedia,110,6.3796
348,2016-12-11_181432,ppfTTAS_Greedy,wikipedia,110,6.611184
349,2016-12-11_181432,ppfTTAS_Greedy,wikipedia,110,6.720127000000001
350,2016-12-11_181432,ppfTTAS_Greedy,wikipedia,120,6.431155
351,2016-12-11_181432,ppfTTAS_Greedy,wikipedia,120,6.303453
352,2016-12-11_181432,ppfTTAS_Greedy,wikipedia,120,6.421844
353,2016-12-11_181432,ppfTTAS_Greedy,wikipedia,120,6.727619
354,2016-12-11_181432,ppfTTAS_Greedy,wikipedia,120,6.7442720000000005
355,2016-12-11_181432,ppfTTAS_Greedy,wikipedia,120,6.6651039999999995
356,2016-12-11_181432,ppfTTAS_Greedy,wikipedia,120,6.62379
357,2016-12-11_181432,ppfTTAS_Greedy,wikipedia,120,6.946229
358,2016-12-11_181432,ppfTTAS_Greedy,wikipedia,120,6.423806
359,2016-12-11_181432,ppfTTAS_Greedy,wikipedia,120,6.326446
360,2016-12-11_181432,ppfTTAS_Greedy,wikipedia,120,6.228529
361,2016-12-11_181432,ppfTTAS_Greedy,wikipedia,120,6.4177919999999995
362,2016-12-11_181432,ppfTTAS_Greedy,wikipedia,120,6.8534429999999995
363,2016-12-11_181432,ppfTTAS_Greedy,wikipedia,120,6.540721
364,2016-12-11_181432,ppfTTAS_Greedy,wikipedia,120,6.1167300000000004
365,2016-12-11_181432,ppfTTAS_Greedy,wikipedia,120,6.663145
366,2016-12-11_181432,ppfTTAS_Greedy,wikipedia,120,6.334183
367,2016-12-11_181432,ppfTTAS_Greedy,wikipedia,120,6.724578999999999
368,2016-12-11_181432,ppfTTAS_Greedy,wikipedia,120,6.353936
369,2016-12-11_181432,ppfTTAS_Greedy,wikipedia,120,6.426253
370,2016-12-11_181432,ppfTTAS_Greedy,wikipedia,120,7.058407000000001
371,2016-12-11_181432,ppfTTAS_Greedy,wikipedia,120,6.724844
372,2016-12-11_181432,ppfTTAS_Greedy,wikipedia,120,6.441791
373,2016-12-11_181432,ppfTTAS_Greedy,wikipedia,120,6.424947
374,2016-12-11_181432,ppfTTAS_Greedy,wikipedia,120,6.3395220000000005
375,2016-12-11_181432,ppfTTAS_Greedy,wikipedia,120,6.825847
376,2016-12-11_181432,ppfTTAS_Greedy,wikipedia,120,6.734684
377,2016-12-11_181432,ppfTTAS_Greedy,wikipedia,120,6.5052970000000006
378,2016-12-11_181432,ppfTTAS_Greedy,wikipedia,120,6.347745
379,2016-12-11_181432,ppfTTAS_Greedy,wikipedia,120,6.743835000000001
380,2016-12-11_181432,ppfTTAS_Greedy,wikipedia,130,6.1231230000000005
381,2016-12-11_181432,ppfTTAS_Greedy,wikipedia,130,6.301736
382,2016-12-11_181432,ppfTTAS_Greedy,wikipedia,130,5.901401
383,2016-12-11_181432,ppfTTAS_Greedy,wikipedia,130,6.233899
384,2016-12-11_181432,ppfTTAS_Greedy,wikipedia,130,5.9149389999999995
385,2016-12-11_181432,ppfTTAS_Greedy,wikipedia,130,6.112693
386,2016-12-11_181432,ppfTTAS_Greedy,wikipedia,130,6.0188690000000005
387,2016-12-11_181432,ppfTTAS_Greedy,wikipedia,130,6.1966339999999995
388,2016-12-11_181432,ppfTTAS_Greedy,wikipedia,130,6.216558999999999
389,2016-12-11_181432,ppfTTAS_Greedy,wikipedia,130,5.920123
390,2016-12-11_181432,ppfTTAS_Greedy,wikipedia,130,6.216408
391,2016-12-11_181432,ppfTTAS_Greedy,wikipedia,130,6.419075
392,2016-12-11_181432,ppfTTAS_Greedy,wikipedia,130,6.522059
393,2016-12-11_181432,ppfTTAS_Greedy,wikipedia,130,6.131844
394,2016-12-11_181432,ppfTTAS_Greedy,wikipedia,130,6.512526
395,2016-12-11_181432,ppfTTAS_Greedy,wikipedia,130,6.120996
396,2016-12-11_181432,ppfTTAS_Greedy,wikipedia,130,6.524625
397,2016-12-11_181432,ppfTTAS_Greedy,wikipedia,130,6.184955
398,2016-12-11_181432,ppfTTAS_Greedy,wikipedia,130,6.109675
399,2016-12-11_181432,ppfTTAS_Greedy,wikipedia,130,6.010668
400,2016-12-11_181432,ppfTTAS_Greedy,wikipedia,130,5.991974
401,2016-12-11_181432,ppfTTAS_Greedy,wikipedia,130,6.217533
402,2016-12-11_181432,ppfTTAS_Greedy,wikipedia,130,6.491878
403,2016-12-11_181432,ppfTTAS_Greedy,wikipedia,130,6.221116
404,2016-12-11_181432,ppfTTAS_Greedy,wikipedia,130,6.3030029999999995
405,2016-12-11_181432,ppfTTAS_Greedy,wikipedia,130,6.112413
406,2016-12-11_181432,ppfTTAS_Greedy,wikipedia,130,5.815728
407,2016-12-11_181432,ppfTTAS_Greedy,wikipedia,130,6.006425
408,2016-12-11_181432,ppfTTAS_Greedy,wikipedia,130,6.027805
409,2016-12-11_181432,ppfTTAS_Greedy,wikipedia,130,6.207679
410,2016-12-11_181432,ppfTTAS_Greedy,wikipedia,140,5.425439
411,2016-12-11_181432,ppfTTAS_Greedy,wikipedia,140,5.150021
412,2016-12-11_181432,ppfTTAS_Greedy,wikipedia,140,5.341611
413,2016-12-11_181432,ppfTTAS_Greedy,wikipedia,140,5.331937
414,2016-12-11_181432,ppfTTAS_Greedy,wikipedia,140,5.326475
415,2016-12-11_181432,ppfTTAS_Greedy,wikipedia,140,5.234489
416,2016-12-11_181432,ppfTTAS_Greedy,wikipedia,140,5.3380540000000005
417,2016-12-11_181432,ppfTTAS_Greedy,wikipedia,140,5.4976389999999995
418,2016-12-11_181432,ppfTTAS_Greedy,wikipedia,140,5.673672
419,2016-12-11_181432,ppfTTAS_Greedy,wikipedia,140,5.320253
420,2016-12-11_181432,ppfTTAS_Greedy,wikipedia,140,5.242731
421,2016-12-11_181432,ppfTTAS_Greedy,wikipedia,140,5.307396
422,2016-12-11_181432,ppfTTAS_Greedy,wikipedia,140,5.245561
423,2016-12-11_181432,ppfTTAS_Greedy,wikipedia,140,5.305076000000001
424,2016-12-11_181432,ppfTTAS_Greedy,wikipedia,140,5.169467
425,2016-12-11_181432,ppfTTAS_Greedy,wikipedia,140,5.321076000000001
426,2016-12-11_181432,ppfTTAS_Greedy,wikipedia,140,5.400301
427,2016-12-11_181432,ppfTTAS_Greedy,wikipedia,140,5.263739
428,2016-12-11_181432,ppfTTAS_Greedy,wikipedia,140,5.419587
429,2016-12-11_181432,ppfTTAS_Greedy,wikipedia,140,5.538565
430,2016-12-11_181432,ppfTTAS_Greedy,wikipedia,140,5.415754
431,2016-12-11_181432,ppfTTAS_Greedy,wikipedia,140,5.362864
432,2016-12-11_181432,ppfTTAS_Greedy,wikipedia,140,5.413645
433,2016-12-11_181432,ppfTTAS_Greedy,wikipedia,140,5.707148999999999
434,2016-12-11_181432,ppfTTAS_Greedy,wikipedia,140,5.369414
435,2016-12-11_181432,ppfTTAS_Greedy,wikipedia,140,5.633703
436,2016-12-11_181432,ppfTTAS_Greedy,wikipedia,140,5.422979
437,2016-12-11_181432,ppfTTAS_Greedy,wikipedia,140,5.230903
438,2016-12-11_181432,ppfTTAS_Greedy,wikipedia,140,5.305682
439,2016-12-11_181432,ppfTTAS_Greedy,wikipedia,140,5.3035239999999995
440,2016-12-11_181432,ppfTTAS_Greedy,wikipedia,150,5.075704
441,2016-12-11_181432,ppfTTAS_Greedy,wikipedia,150,5.43743
442,2016-12-11_181432,ppfTTAS_Greedy,wikipedia,150,5.247323000000001
443,2016-12-11_181432,ppfTTAS_Greedy,wikipedia,150,4.991837
444,2016-12-11_181432,ppfTTAS_Greedy,wikipedia,150,5.242525
445,2016-12-11_181432,ppfTTAS_Greedy,wikipedia,150,5.142919
446,2016-12-11_181432,ppfTTAS_Greedy,wikipedia,150,5.329095
447,2016-12-11_181432,ppfTTAS_Greedy,wikipedia,150,5.238742
448,2016-12-11_181432,ppfTTAS_Greedy,wikipedia,150,5.179496
449,2016-12-11_181432,ppfTTAS_Greedy,wikipedia,150,5.144415
450,2016-12-11_181432,ppfTTAS_Greedy,wikipedia,150,5.163425
451,2016-12-11_181432,ppfTTAS_Greedy,wikipedia,150,5.005348000000001
452,2016-12-11_181432,ppfTTAS_Greedy,wikipedia,150,5.234219
453,2016-12-11_181432,ppfTTAS_Greedy,wikipedia,150,5.089323
454,2016-12-11_181432,ppfTTAS_Greedy,wikipedia,150,5.255758
455,2016-12-11_181432,ppfTTAS_Greedy,wikipedia,150,4.9753300000000005
456,2016-12-11_181432,ppfTTAS_Greedy,wikipedia,150,5.26328
457,2016-12-11_181432,ppfTTAS_Greedy,wikipedia,150,4.9866269999999995
458,2016-12-11_181432,ppfTTAS_Greedy,wikipedia,150,5.239844000000001
459,2016-12-11_181432,ppfTTAS_Greedy,wikipedia,150,5.332155
460,2016-12-11_181432,ppfTTAS_Greedy,wikipedia,150,5.2227760000000005
461,2016-12-11_181432,ppfTTAS_Greedy,wikipedia,150,5.07673
462,2016-12-11_181432,ppfTTAS_Greedy,wikipedia,150,5.248873000000001
463,2016-12-11_181432,ppfTTAS_Greedy,wikipedia,150,5.414108000000001
464,2016-12-11_181432,ppfTTAS_Greedy,wikipedia,150,5.068492
465,2016-12-11_181432,ppfTTAS_Greedy,wikipedia,150,5.238376000000001
466,2016-12-11_181432,ppfTTAS_Greedy,wikipedia,150,5.151028
467,2016-12-11_181432,ppfTTAS_Greedy,wikipedia,150,5.165646
468,2016-12-11_181432,ppfTTAS_Greedy,wikipedia,150,4.969981
469,2016-12-11_181432,ppfTTAS_Greedy,wikipedia,150,5.062943
470,2016-12-11_181432,ppfTTAS_Greedy,wikipedia,160,5.006862
471,2016-12-11_181432,ppfTTAS_Greedy,wikipedia,160,4.76016
472,2016-12-11_181432,ppfTTAS_Greedy,wikipedia,160,4.602776
473,2016-12-11_181432,ppfTTAS_Greedy,wikipedia,160,5.030603
474,2016-12-11_181432,ppfTTAS_Greedy,wikipedia,160,5.112922
475,2016-12-11_181432,ppfTTAS_Greedy,wikipedia,160,4.922091
476,2016-12-11_181432,ppfTTAS_Greedy,wikipedia,160,5.279798
477,2016-12-11_181432,ppfTTAS_Greedy,wikipedia,160,5.187454
478,2016-12-11_181432,ppfTTAS_Greedy,wikipedia,160,4.963147
479,2016-12-11_181432,ppfTTAS_Greedy,wikipedia,160,5.015369000000001
480,2016-12-11_181432,ppfTTAS_Greedy,wikipedia,160,5.043480000000001
481,2016-12-11_181432,ppfTTAS_Greedy,wikipedia,160,4.933617
482,2016-12-11_181432,ppfTTAS_Greedy,wikipedia,160,5.275509
483,2016-12-11_181432,ppfTTAS_Greedy,wikipedia,160,5.121371
484,2016-12-11_181432,ppfTTAS_Greedy,wikipedia,160,4.766937
485,2016-12-11_181432,ppfTTAS_Greedy,wikipedia,160,4.530747
486,2016-12-11_181432,ppfTTAS_Greedy,wikipedia,160,4.933197
487,2016-12-11_181432,ppfTTAS_Greedy,wikipedia,160,4.776939
488,2016-12-11_181432,ppfTTAS_Greedy,wikipedia,160,5.0151650000000005
489,2016-12-11_181432,ppfTTAS_Greedy,wikipedia,160,4.9260269999999995
490,2016-12-11_181432,ppfTTAS_Greedy,wikipedia,160,5.119101000000001
491,2016-12-11_181432,ppfTTAS_Greedy,wikipedia,160,4.918348
492,2016-12-11_181432,ppfTTAS_Greedy,wikipedia,160,5.329349
493,2016-12-11_181432,ppfTTAS_Greedy,wikipedia,160,5.202296
494,2016-12-11_181432,ppfTTAS_Greedy,wikipedia,160,5.179506
495,2016-12-11_181432,ppfTTAS_Greedy,wikipedia,160,5.122967
496,2016-12-11_181432,ppfTTAS_Greedy,wikipedia,160,5.38696
497,2016-12-11_181432,ppfTTAS_Greedy,wikipedia,160,5.0311650000000006
498,2016-12-11_181432,ppfTTAS_Greedy,wikipedia,160,4.785108999999999
499,2016-12-11_181432,ppfTTAS_Greedy,wikipedia,160,5.105694000000001
500,2016-12-11_181432,ppfTTAS_Greedy,wikipedia,170,4.645106
501,2016-12-11_181432,ppfTTAS_Greedy,wikipedia,170,4.823780999999999
502,2016-12-11_181432,ppfTTAS_Greedy,wikipedia,170,4.500522
503,2016-12-11_181432,ppfTTAS_Greedy,wikipedia,170,4.677661
504,2016-12-11_181432,ppfTTAS_Greedy,wikipedia,170,5.1446
505,2016-12-11_181432,ppfTTAS_Greedy,wikipedia,170,4.908442
506,2016-12-11_181432,ppfTTAS_Greedy,wikipedia,170,5.076757
507,2016-12-11_181432,ppfTTAS_Greedy,wikipedia,170,4.476214
508,2016-12-11_181432,ppfTTAS_Greedy,wikipedia,170,5.313461
509,2016-12-11_181432,ppfTTAS_Greedy,wikipedia,170,4.654911
510,2016-12-11_181432,ppfTTAS_Greedy,wikipedia,170,4.713201000000001
511,2016-12-11_181432,ppfTTAS_Greedy,wikipedia,170,4.5623309999999995
512,2016-12-11_181432,ppfTTAS_Greedy,wikipedia,170,5.292212999999999
513,2016-12-11_181432,ppfTTAS_Greedy,wikipedia,170,4.832762000000001
514,2016-12-11_181432,ppfTTAS_Greedy,wikipedia,170,5.185223000000001
515,2016-12-11_181432,ppfTTAS_Greedy,wikipedia,170,4.81404
516,2016-12-11_181432,ppfTTAS_Greedy,wikipedia,170,4.91104
517,2016-12-11_181432,ppfTTAS_Greedy,wikipedia,170,5.063625
518,2016-12-11_181432,ppfTTAS_Greedy,wikipedia,170,4.596781
519,2016-12-11_181432,ppfTTAS_Greedy,wikipedia,170,4.861554
520,2016-12-11_181432,ppfTTAS_Greedy,wikipedia,170,5.388832
521,2016-12-11_181432,ppfTTAS_Greedy,wikipedia,170,4.74567
522,2016-12-11_181432,ppfTTAS_Greedy,wikipedia,170,4.845065
523,2016-12-11_181432,ppfTTAS_Greedy,wikipedia,170,4.680805
524,2016-12-11_181432,ppfTTAS_Greedy,wikipedia,170,4.741943
525,2016-12-11_181432,ppfTTAS_Greedy,wikipedia,170,4.599575
526,2016-12-11_181432,ppfTTAS_Greedy,wikipedia,170,4.740133999999999
527,2016-12-11_181432,ppfTTAS_Greedy,wikipedia,170,4.654804
528,2016-12-11_181432,ppfTTAS_Greedy,wikipedia,170,4.855198000000001
529,2016-12-11_181432,ppfTTAS_Greedy,wikipedia,170,4.834707
530,2016-12-11_181432,ppfTTAS_Greedy,wikipedia,180,4.057881
531,2016-12-11_181432,ppfTTAS_Greedy,wikipedia,180,4.131569
532,2016-12-11_181432,ppfTTAS_Greedy,wikipedia,180,4.198412
533,2016-12-11_181432,ppfTTAS_Greedy,wikipedia,180,4.2699620000000005
534,2016-12-11_181432,ppfTTAS_Greedy,wikipedia,180,3.985649
535,2016-12-11_181432,ppfTTAS_Greedy,wikipedia,180,3.994913
536,2016-12-11_181432,ppfTTAS_Greedy,wikipedia,180,4.051979
537,2016-12-11_181432,ppfTTAS_Greedy,wikipedia,180,4.045382
538,2016-12-11_181432,ppfTTAS_Greedy,wikipedia,180,3.988522
539,2016-12-11_181432,ppfTTAS_Greedy,wikipedia,180,4.2004660000000005
540,2016-12-11_181432,ppfTTAS_Greedy,wikipedia,180,4.197832
541,2016-12-11_181432,ppfTTAS_Greedy,wikipedia,180,4.102348
542,2016-12-11_181432,ppfTTAS_Greedy,wikipedia,180,4.384513
543,2016-12-11_181432,ppfTTAS_Greedy,wikipedia,180,4.1706769999999995
544,2016-12-11_181432,ppfTTAS_Greedy,wikipedia,180,4.158539
545,2016-12-11_181432,ppfTTAS_Greedy,wikipedia,180,4.100449
546,2016-12-11_181432,ppfTTAS_Greedy,wikipedia,180,4.160925
547,2016-12-11_181432,ppfTTAS_Greedy,wikipedia,180,4.169782
548,2016-12-11_181432,ppfTTAS_Greedy,wikipedia,180,4.321408
549,2016-12-11_181432,ppfTTAS_Greedy,wikipedia,180,4.165253
550,2016-12-11_181432,ppfTTAS_Greedy,wikipedia,180,4.0900669999999995
551,2016-12-11_181432,ppfTTAS_Greedy,wikipedia,180,4.100626999999999
552,2016-12-11_181432,ppfTTAS_Greedy,wikipedia,180,3.940317
553,2016-12-11_181432,ppfTTAS_Greedy,wikipedia,180,4.181758
554,2016-12-11_181432,ppfTTAS_Greedy,wikipedia,180,4.168451999999999
555,2016-12-11_181432,ppfTTAS_Greedy,wikipedia,180,4.089179
556,2016-12-11_181432,ppfTTAS_Greedy,wikipedia,180,4.157153
557,2016-12-11_181432,ppfTTAS_Greedy,wikipedia,180,4.3191559999999996
558,2016-12-11_181432,ppfTTAS_Greedy,wikipedia,180,3.9264449999999997
559,2016-12-11_181432,ppfTTAS_Greedy,wikipedia,180,4.078587000000001
560,2016-12-11_181432,ppfTTAS_Greedy,wikipedia,190,3.744507
561,2016-12-11_181432,ppfTTAS_Greedy,wikipedia,190,3.8796230000000005
562,2016-12-11_181432,ppfTTAS_Greedy,wikipedia,190,3.777101
563,2016-12-11_181432,ppfTTAS_Greedy,wikipedia,190,3.829814
564,2016-12-11_181432,ppfTTAS_Greedy,wikipedia,190,3.680414
565,2016-12-11_181432,ppfTTAS_Greedy,wikipedia,190,3.785011
566,2016-12-11_181432,ppfTTAS_Greedy,wikipedia,190,3.85661
567,2016-12-11_181432,ppfTTAS_Greedy,wikipedia,190,3.6976430000000002
568,2016-12-11_181432,ppfTTAS_Greedy,wikipedia,190,3.7613550000000004
569,2016-12-11_181432,ppfTTAS_Greedy,wikipedia,190,3.805474
570,2016-12-11_181432,ppfTTAS_Greedy,wikipedia,190,3.89126
571,2016-12-11_181432,ppfTTAS_Greedy,wikipedia,190,3.6868440000000002
572,2016-12-11_181432,ppfTTAS_Greedy,wikipedia,190,3.898325
573,2016-12-11_181432,ppfTTAS_Greedy,wikipedia,190,3.7851589999999997
574,2016-12-11_181432,ppfTTAS_Greedy,wikipedia,190,3.9240410000000003
575,2016-12-11_181432,ppfTTAS_Greedy,wikipedia,190,3.7570080000000003
576,2016-12-11_181432,ppfTTAS_Greedy,wikipedia,190,3.907135
577,2016-12-11_181432,ppfTTAS_Greedy,wikipedia,190,4.059949
578,2016-12-11_181432,ppfTTAS_Greedy,wikipedia,190,3.8548910000000003
579,2016-12-11_181432,ppfTTAS_Greedy,wikipedia,190,3.844753
580,2016-12-11_181432,ppfTTAS_Greedy,wikipedia,190,3.853325
581,2016-12-11_181432,ppfTTAS_Greedy,wikipedia,190,3.824669
582,2016-12-11_181432,ppfTTAS_Greedy,wikipedia,190,3.8410919999999997
583,2016-12-11_181432,ppfTTAS_Greedy,wikipedia,190,3.897246
584,2016-12-11_181432,ppfTTAS_Greedy,wikipedia,190,3.8097519999999996
585,2016-12-11_181432,ppfTTAS_Greedy,wikipedia,190,3.8219230000000004
586,2016-12-11_181432,ppfTTAS_Greedy,wikipedia,190,3.9085339999999995
587,2016-12-11_181432,ppfTTAS_Greedy,wikipedia,190,3.7708699999999995
588,2016-12-11_181432,ppfTTAS_Greedy,wikipedia,190,3.9941910000000003
589,2016-12-11_181432,ppfTTAS_Greedy,wikipedia,190,3.9870349999999997
590,2016-12-11_181432,ppfTTAS_Greedy,wikipedia,200,4.047192
591,2016-12-11_181432,ppfTTAS_Greedy,wikipedia,200,4.336385
592,2016-12-11_181432,ppfTTAS_Greedy,wikipedia,200,4.342295
593,2016-12-11_181432,ppfTTAS_Greedy,wikipedia,200,4.078636
594,2016-12-11_181432,ppfTTAS_Greedy,wikipedia,200,3.901679
595,2016-12-11_181432,ppfTTAS_Greedy,wikipedia,200,4.022226
596,2016-12-11_181432,ppfTTAS_Greedy,wikipedia,200,3.973614
597,2016-12-11_181432,ppfTTAS_Greedy,wikipedia,200,4.278379
598,2016-12-11_181432,ppfTTAS_Greedy,wikipedia,200,3.9099019999999998
599,2016-12-11_181432,ppfTTAS_Greedy,wikipedia,200,4.32711
600,2016-12-11_181432,ppfTTAS_Greedy,wikipedia,200,4.416327
601,2016-12-11_181432,ppfTTAS_Greedy,wikipedia,200,4.385593
602,2016-12-11_181432,ppfTTAS_Greedy,wikipedia,200,4.194974
603,2016-12-11_181432,ppfTTAS_Greedy,wikipedia,200,4.1811
604,2016-12-11_181432,ppfTTAS_Greedy,wikipedia,200,3.962915
605,2016-12-11_181432,ppfTTAS_Greedy,wikipedia,200,4.34247
606,2016-12-11_181432,ppfTTAS_Greedy,wikipedia,200,4.165914
607,2016-12-11_181432,ppfTTAS_Greedy,wikipedia,200,4.448512
608,2016-12-11_181432,ppfTTAS_Greedy,wikipedia,200,4.329086
609,2016-12-11_181432,ppfTTAS_Greedy,wikipedia,200,4.531647
610,2016-12-11_181432,ppfTTAS_Greedy,wikipedia,200,4.059248
611,2016-12-11_181432,ppfTTAS_Greedy,wikipedia,200,4.116179
612,2016-12-11_181432,ppfTTAS_Greedy,wikipedia,200,3.985301
613,2016-12-11_181432,ppfTTAS_Greedy,wikipedia,200,4.048697
614,2016-12-11_181432,ppfTTAS_Greedy,wikipedia,200,4.315705
615,2016-12-11_181432,ppfTTAS_Greedy,wikipedia,200,4.186057
616,2016-12-11_181432,ppfTTAS_Greedy,wikipedia,200,4.322122
617,2016-12-11_181432,ppfTTAS_Greedy,wikipedia,200,4.39405
618,2016-12-11_181432,ppfTTAS_Greedy,wikipedia,200,4.323352
619,2016-12-11_181432,ppfTTAS_Greedy,wikipedia,200,4.111987999999999
620,2016-12-11_181432,ppfTTAS_Greedy,wikipedia,210,3.55347
621,2016-12-11_181432,ppfTTAS_Greedy,wikipedia,210,4.0852129999999995
622,2016-12-11_181432,ppfTTAS_Greedy,wikipedia,210,3.58405
623,2016-12-11_181432,ppfTTAS_Greedy,wikipedia,210,3.760303
624,2016-12-11_181432,ppfTTAS_Greedy,wikipedia,210,3.7640269999999996
625,2016-12-11_181432,ppfTTAS_Greedy,wikipedia,210,3.694329
626,2016-12-11_181432,ppfTTAS_Greedy,wikipedia,210,3.5523050000000005
627,2016-12-11_181432,ppfTTAS_Greedy,wikipedia,210,3.538436
628,2016-12-11_181432,ppfTTAS_Greedy,wikipedia,210,3.5324089999999995
629,2016-12-11_181432,ppfTTAS_Greedy,wikipedia,210,3.539163
630,2016-12-11_181432,ppfTTAS_Greedy,wikipedia,210,3.611247
631,2016-12-11_181432,ppfTTAS_Greedy,wikipedia,210,3.561461
632,2016-12-11_181432,ppfTTAS_Greedy,wikipedia,210,3.638418
633,2016-12-11_181432,ppfTTAS_Greedy,wikipedia,210,3.6806419999999997
634,2016-12-11_181432,ppfTTAS_Greedy,wikipedia,210,3.680508
635,2016-12-11_181432,ppfTTAS_Greedy,wikipedia,210,3.686057
636,2016-12-11_181432,ppfTTAS_Greedy,wikipedia,210,3.560317
637,2016-12-11_181432,ppfTTAS_Greedy,wikipedia,210,3.695846
638,2016-12-11_181432,ppfTTAS_Greedy,wikipedia,210,3.703368
639,2016-12-11_181432,ppfTTAS_Greedy,wikipedia,210,3.622332
640,2016-12-11_181432,ppfTTAS_Greedy,wikipedia,210,3.484235
641,2016-12-11_181432,ppfTTAS_Greedy,wikipedia,210,3.618183
642,2016-12-11_181432,ppfTTAS_Greedy,wikipedia,210,3.6859330000000003
643,2016-12-11_181432,ppfTTAS_Greedy,wikipedia,210,3.532336
644,2016-12-11_181432,ppfTTAS_Greedy,wikipedia,210,3.6939620000000004
645,2016-12-11_181432,ppfTTAS_Greedy,wikipedia,210,3.556697
646,2016-12-11_181432,ppfTTAS_Greedy,wikipedia,210,3.548799
647,2016-12-11_181432,ppfTTAS_Greedy,wikipedia,210,3.758951
648,2016-12-11_181432,ppfTTAS_Greedy,wikipedia,210,3.689428
649,2016-12-11_181432,ppfTTAS_Greedy,wikipedia,210,3.5551160000000004
650,2016-12-11_181432,ppfTTAS_Greedy,wikipedia,220,3.594879
651,2016-12-11_181432,ppfTTAS_Greedy,wikipedia,220,3.582014
652,2016-12-11_181432,ppfTTAS_Greedy,wikipedia,220,3.4018089999999996
653,2016-12-11_181432,ppfTTAS_Greedy,wikipedia,220,3.6785980000000005
654,2016-12-11_181432,ppfTTAS_Greedy,wikipedia,220,3.330867
655,2016-12-11_181432,ppfTTAS_Greedy,wikipedia,220,3.4749980000000003
656,2016-12-11_181432,ppfTTAS_Greedy,wikipedia,220,3.521757
657,2016-12-11_181432,ppfTTAS_Greedy,wikipedia,220,3.599872
658,2016-12-11_181432,ppfTTAS_Greedy,wikipedia,220,3.4798459999999998
659,2016-12-11_181432,ppfTTAS_Greedy,wikipedia,220,3.459312
660,2016-12-11_181432,ppfTTAS_Greedy,wikipedia,220,3.671873
661,2016-12-11_181432,ppfTTAS_Greedy,wikipedia,220,3.379492
662,2016-12-11_181432,ppfTTAS_Greedy,wikipedia,220,3.606743
663,2016-12-11_181432,ppfTTAS_Greedy,wikipedia,220,3.644602
664,2016-12-11_181432,ppfTTAS_Greedy,wikipedia,220,3.5274419999999997
665,2016-12-11_181432,ppfTTAS_Greedy,wikipedia,220,3.3770300000000004
666,2016-12-11_181432,ppfTTAS_Greedy,wikipedia,220,3.540507
667,2016-12-11_181432,ppfTTAS_Greedy,wikipedia,220,3.3403669999999996
668,2016-12-11_181432,ppfTTAS_Greedy,wikipedia,220,3.504024
669,2016-12-11_181432,ppfTTAS_Greedy,wikipedia,220,3.505929
670,2016-12-11_181432,ppfTTAS_Greedy,wikipedia,220,3.4813980000000004
671,2016-12-11_181432,ppfTTAS_Greedy,wikipedia,220,3.4237339999999996
672,2016-12-11_181432,ppfTTAS_Greedy,wikipedia,220,3.465911
673,2016-12-11_181432,ppfTTAS_Greedy,wikipedia,220,3.532064
674,2016-12-11_181432,ppfTTAS_Greedy,wikipedia,220,3.462874
675,2016-12-11_181432,ppfTTAS_Greedy,wikipedia,220,3.525325
676,2016-12-11_181432,ppfTTAS_Greedy,wikipedia,220,3.376303
677,2016-12-11_181432,ppfTTAS_Greedy,wikipedia,220,3.4571169999999998
678,2016-12-11_181432,ppfTTAS_Greedy,wikipedia,220,3.342078
679,2016-12-11_181432,ppfTTAS_Greedy,wikipedia,220,3.6663589999999995
680,2016-12-11_181432,ppfTTAS_Greedy,wikipedia,230,3.361707
681,2016-12-11_181432,ppfTTAS_Greedy,wikipedia,230,3.1583799999999997
682,2016-12-11_181432,ppfTTAS_Greedy,wikipedia,230,3.515768
683,2016-12-11_181432,ppfTTAS_Greedy,wikipedia,230,3.241152
684,2016-12-11_181432,ppfTTAS_Greedy,wikipedia,230,3.305082
685,2016-12-11_181432,ppfTTAS_Greedy,wikipedia,230,3.4305239999999997
686,2016-12-11_181432,ppfTTAS_Greedy,wikipedia,230,3.6082739999999998
687,2016-12-11_181432,ppfTTAS_Greedy,wikipedia,230,3.434935
688,2016-12-11_181432,ppfTTAS_Greedy,wikipedia,230,3.295586
689,2016-12-11_181432,ppfTTAS_Greedy,wikipedia,230,3.373304
690,2016-12-11_181432,ppfTTAS_Greedy,wikipedia,230,3.3613199999999996
691,2016-12-11_181432,ppfTTAS_Greedy,wikipedia,230,3.414715
692,2016-12-11_181432,ppfTTAS_Greedy,wikipedia,230,3.553357
693,2016-12-11_181432,ppfTTAS_Greedy,wikipedia,230,3.365471
694,2016-12-11_181432,ppfTTAS_Greedy,wikipedia,230,3.293542
695,2016-12-11_181432,ppfTTAS_Greedy,wikipedia,230,3.163893
696,2016-12-11_181432,ppfTTAS_Greedy,wikipedia,230,3.248598
697,2016-12-11_181432,ppfTTAS_Greedy,wikipedia,230,3.3092900000000003
698,2016-12-11_181432,ppfTTAS_Greedy,wikipedia,230,3.382395
699,2016-12-11_181432,ppfTTAS_Greedy,wikipedia,230,3.4822589999999995
700,2016-12-11_181432,ppfTTAS_Greedy,wikipedia,230,3.40961
701,2016-12-11_181432,ppfTTAS_Greedy,wikipedia,230,3.302639
702,2016-12-11_181432,ppfTTAS_Greedy,wikipedia,230,3.375018
703,2016-12-11_181432,ppfTTAS_Greedy,wikipedia,230,3.3597580000000002
704,2016-12-11_181432,ppfTTAS_Greedy,wikipedia,230,3.235048
705,2016-12-11_181432,ppfTTAS_Greedy,wikipedia,230,3.43811
706,2016-12-11_181432,ppfTTAS_Greedy,wikipedia,230,3.304562
707,2016-12-11_181432,ppfTTAS_Greedy,wikipedia,230,3.3692370000000005
708,2016-12-11_181432,ppfTTAS_Greedy,wikipedia,230,3.259388
709,2016-12-11_181432,ppfTTAS_Greedy,wikipedia,230,3.182041
710,2016-12-11_181432,ppfTTAS_Greedy,wikipedia,240,3.4198690000000003
711,2016-12-11_181432,ppfTTAS_Greedy,wikipedia,240,3.212592
712,2016-12-11_181432,ppfTTAS_Greedy,wikipedia,240,3.345937
713,2016-12-11_181432,ppfTTAS_Greedy,wikipedia,240,3.4174279999999997
714,2016-12-11_181432,ppfTTAS_Greedy,wikipedia,240,3.616544
715,2016-12-11_181432,ppfTTAS_Greedy,wikipedia,240,3.732883
716,2016-12-11_181432,ppfTTAS_Greedy,wikipedia,240,3.171068
717,2016-12-11_181432,ppfTTAS_Greedy,wikipedia,240,3.278549
718,2016-12-11_181432,ppfTTAS_Greedy,wikipedia,240,3.4814480000000003
719,2016-12-11_181432,ppfTTAS_Greedy,wikipedia,240,3.346349
720,2016-12-11_181432,ppfTTAS_Greedy,wikipedia,240,3.458281
721,2016-12-11_181432,ppfTTAS_Greedy,wikipedia,240,3.427032
722,2016-12-11_181432,ppfTTAS_Greedy,wikipedia,240,3.4563099999999998
723,2016-12-11_181432,ppfTTAS_Greedy,wikipedia,240,3.09916
724,2016-12-11_181432,ppfTTAS_Greedy,wikipedia,240,3.40901
725,2016-12-11_181432,ppfTTAS_Greedy,wikipedia,240,3.6029760000000004
726,2016-12-11_181432,ppfTTAS_Greedy,wikipedia,240,3.230453
727,2016-12-11_181432,ppfTTAS_Greedy,wikipedia,240,3.336489
728,2016-12-11_181432,ppfTTAS_Greedy,wikipedia,240,3.271173
729,2016-12-11_181432,ppfTTAS_Greedy,wikipedia,240,3.291283
730,2016-12-11_181432,ppfTTAS_Greedy,wikipedia,240,3.466008
731,2016-12-11_181432,ppfTTAS_Greedy,wikipedia,240,3.343682
732,2016-12-11_181432,ppfTTAS_Greedy,wikipedia,240,3.707702
733,2016-12-11_181432,ppfTTAS_Greedy,wikipedia,240,3.4659690000000003
734,2016-12-11_181432,ppfTTAS_Greedy,wikipedia,240,3.6855550000000004
735,2016-12-11_181432,ppfTTAS_Greedy,wikipedia,240,3.297942
736,2016-12-11_181432,ppfTTAS_Greedy,wikipedia,240,3.217145
737,2016-12-11_181432,ppfTTAS_Greedy,wikipedia,240,3.275609
738,2016-12-11_181432,ppfTTAS_Greedy,wikipedia,240,3.365081
739,2016-12-11_181432,ppfTTAS_Greedy,wikipedia,240,3.7828370000000002
740,2016-12-11_181432,ppfTTAS_Greedy,wikipedia,250,3.319319
741,2016-12-11_181432,ppfTTAS_Greedy,wikipedia,250,3.240191
742,2016-12-11_181432,ppfTTAS_Greedy,wikipedia,250,3.19841
743,2016-12-11_181432,ppfTTAS_Greedy,wikipedia,250,3.169013
744,2016-12-11_181432,ppfTTAS_Greedy,wikipedia,250,3.283919
745,2016-12-11_181432,ppfTTAS_Greedy,wikipedia,250,3.223175
746,2016-12-11_181432,ppfTTAS_Greedy,wikipedia,250,3.4851739999999998
747,2016-12-11_181432,ppfTTAS_Greedy,wikipedia,250,3.259933
748,2016-12-11_181432,ppfTTAS_Greedy,wikipedia,250,3.296422
749,2016-12-11_181432,ppfTTAS_Greedy,wikipedia,250,3.3624699999999996
750,2016-12-11_181432,ppfTTAS_Greedy,wikipedia,250,3.3465019999999996
751,2016-12-11_181432,ppfTTAS_Greedy,wikipedia,250,3.250353
752,2016-12-11_181432,ppfTTAS_Greedy,wikipedia,250,3.247656
753,2016-12-11_181432,ppfTTAS_Greedy,wikipedia,250,3.158458
754,2016-12-11_181432,ppfTTAS_Greedy,wikipedia,250,3.21714
755,2016-12-11_181432,ppfTTAS_Greedy,wikipedia,250,3.27828
756,2016-12-11_181432,ppfTTAS_Greedy,wikipedia,250,3.3054650000000003
757,2016-12-11_181432,ppfTTAS_Greedy,wikipedia,250,3.426718
758,2016-12-11_181432,ppfTTAS_Greedy,wikipedia,250,3.154907
759,2016-12-11_181432,ppfTTAS_Greedy,wikipedia,250,3.247377
760,2016-12-11_181432,ppfTTAS_Greedy,wikipedia,250,3.184418
761,2016-12-11_181432,ppfTTAS_Greedy,wikipedia,250,3.364808
762,2016-12-11_181432,ppfTTAS_Greedy,wikipedia,250,3.3035919999999996
763,2016-12-11_181432,ppfTTAS_Greedy,wikipedia,250,3.231656
764,2016-12-11_181432,ppfTTAS_Greedy,wikipedia,250,3.262371
765,2016-12-11_181432,ppfTTAS_Greedy,wikipedia,250,3.199046
766,2016-12-11_181432,ppfTTAS_Greedy,wikipedia,250,3.4267239999999997
767,2016-12-11_181432,ppfTTAS_Greedy,wikipedia,250,3.39751
768,2016-12-11_181432,ppfTTAS_Greedy,wikipedia,250,3.3163110000000002
769,2016-12-11_181432,ppfTTAS_Greedy,wikipedia,250,3.3024949999999995
770,2016-12-11_160032,ppfTTAS_KS,wikipedia,10,69.46587
771,2016-12-11_160032,ppfTTAS_KS,wikipedia,10,64.27711
772,2016-12-11_160032,ppfTTAS_KS,wikipedia,10,63.131589
773,2016-12-11_160032,ppfTTAS_KS,wikipedia,10,73.443595
774,2016-12-11_160032,ppfTTAS_KS,wikipedia,10,67.026423
775,2016-12-11_160032,ppfTTAS_KS,wikipedia,10,69.043065
776,2016-12-11_160032,ppfTTAS_KS,wikipedia,10,65.302219
777,2016-12-11_160032,ppfTTAS_KS,wikipedia,10,59.169062
778,2016-12-11_160032,ppfTTAS_KS,wikipedia,10,62.781315
779,2016-12-11_160032,ppfTTAS_KS,wikipedia,10,68.84338699999999
780,2016-12-11_160032,ppfTTAS_KS,wikipedia,10,64.975588
781,2016-12-11_160032,ppfTTAS_KS,wikipedia,10,60.253153000000005
782,2016-12-11_160032,ppfTTAS_KS,wikipedia,10,64.280953
783,2016-12-11_160032,ppfTTAS_KS,wikipedia,10,60.389818999999996
784,2016-12-11_160032,ppfTTAS_KS,wikipedia,10,61.794287
785,2016-12-11_160032,ppfTTAS_KS,wikipedia,10,61.155766
786,2016-12-11_160032,ppfTTAS_KS,wikipedia,10,64.03533900000001
787,2016-12-11_160032,ppfTTAS_KS,wikipedia,10,64.832167
788,2016-12-11_160032,ppfTTAS_KS,wikipedia,10,67.379887
789,2016-12-11_160032,ppfTTAS_KS,wikipedia,10,62.596649
790,2016-12-11_160032,ppfTTAS_KS,wikipedia,10,68.862227
791,2016-12-11_160032,ppfTTAS_KS,wikipedia,10,63.089627
792,2016-12-11_160032,ppfTTAS_KS,wikipedia,10,61.016585
793,2016-12-11_160032,ppfTTAS_KS,wikipedia,10,62.029225
794,2016-12-11_160032,ppfTTAS_KS,wikipedia,10,64.257485
795,2016-12-11_160032,ppfTTAS_KS,wikipedia,10,64.876875
796,2016-12-11_160032,ppfTTAS_KS,wikipedia,10,64.718971
797,2016-12-11_160032,ppfTTAS_KS,wikipedia,10,63.871095999999994
798,2016-12-11_160032,ppfTTAS_KS,wikipedia,10,66.490741
799,2016-12-11_160032,ppfTTAS_KS,wikipedia,10,61.332738
800,2016-12-11_160032,ppfTTAS_KS,wikipedia,20,33.796038
801,2016-12-11_160032,ppfTTAS_KS,wikipedia,20,35.322078000000005
802,2016-12-11_160032,ppfTTAS_KS,wikipedia,20,33.771440000000005
803,2016-12-11_160032,ppfTTAS_KS,wikipedia,20,29.739949
804,2016-12-11_160032,ppfTTAS_KS,wikipedia,20,31.556706
805,2016-12-11_160032,ppfTTAS_KS,wikipedia,20,30.178942
806,2016-12-11_160032,ppfTTAS_KS,wikipedia,20,32.004251000000004
807,2016-12-11_160032,ppfTTAS_KS,wikipedia,20,32.454217
808,2016-12-11_160032,ppfTTAS_KS,wikipedia,20,33.020121
809,2016-12-11_160032,ppfTTAS_KS,wikipedia,20,31.034277000000003
810,2016-12-11_160032,ppfTTAS_KS,wikipedia,20,31.710805
811,2016-12-11_160032,ppfTTAS_KS,wikipedia,20,33.572379999999995
812,2016-12-11_160032,ppfTTAS_KS,wikipedia,20,33.634679
813,2016-12-11_160032,ppfTTAS_KS,wikipedia,20,36.377714000000005
814,2016-12-11_160032,ppfTTAS_KS,wikipedia,20,34.58008
815,2016-12-11_160032,ppfTTAS_KS,wikipedia,20,34.815611
816,2016-12-11_160032,ppfTTAS_KS,wikipedia,20,35.359076
817,2016-12-11_160032,ppfTTAS_KS,wikipedia,20,32.257771999999996
818,2016-12-11_160032,ppfTTAS_KS,wikipedia,20,32.797041
819,2016-12-11_160032,ppfTTAS_KS,wikipedia,20,31.998201
820,2016-12-11_160032,ppfTTAS_KS,wikipedia,20,33.582128999999995
821,2016-12-11_160032,ppfTTAS_KS,wikipedia,20,35.54433
822,2016-12-11_160032,ppfTTAS_KS,wikipedia,20,32.476625
823,2016-12-11_160032,ppfTTAS_KS,wikipedia,20,33.363284
824,2016-12-11_160032,ppfTTAS_KS,wikipedia,20,35.235652
825,2016-12-11_160032,ppfTTAS_KS,wikipedia,20,30.893888
826,2016-12-11_160032,ppfTTAS_KS,wikipedia,20,34.905377
827,2016-12-11_160032,ppfTTAS_KS,wikipedia,20,33.993864
828,2016-12-11_160032,ppfTTAS_KS,wikipedia,20,34.25795
829,2016-12-11_160032,ppfTTAS_KS,wikipedia,20,33.162382
830,2016-12-11_160032,ppfTTAS_KS,wikipedia,30,19.818607999999998
831,2016-12-11_160032,ppfTTAS_KS,wikipedia,30,19.711626000000003
832,2016-12-11_160032,ppfTTAS_KS,wikipedia,30,17.980164000000002
833,2016-12-11_160032,ppfTTAS_KS,wikipedia,30,19.902527
834,2016-12-11_160032,ppfTTAS_KS,wikipedia,30,18.387601
835,2016-12-11_160032,ppfTTAS_KS,wikipedia,30,21.889448
836,2016-12-11_160032,ppfTTAS_KS,wikipedia,30,18.972906
837,2016-12-11_160032,ppfTTAS_KS,wikipedia,30,19.814014
838,2016-12-11_160032,ppfTTAS_KS,wikipedia,30,19.226625
839,2016-12-11_160032,ppfTTAS_KS,wikipedia,30,20.550625
840,2016-12-11_160032,ppfTTAS_KS,wikipedia,30,21.833637
841,2016-12-11_160032,ppfTTAS_KS,wikipedia,30,21.958429000000002
842,2016-12-11_160032,ppfTTAS_KS,wikipedia,30,20.380743
843,2016-12-11_160032,ppfTTAS_KS,wikipedia,30,21.416744
844,2016-12-11_160032,ppfTTAS_KS,wikipedia,30,20.137751
845,2016-12-11_160032,ppfTTAS_KS,wikipedia,30,21.43232
846,2016-12-11_160032,ppfTTAS_KS,wikipedia,30,20.746816
847,2016-12-11_160032,ppfTTAS_KS,wikipedia,30,21.085104
848,2016-12-11_160032,ppfTTAS_KS,wikipedia,30,20.803272
849,2016-12-11_160032,ppfTTAS_KS,wikipedia,30,21.499272
850,2016-12-11_160032,ppfTTAS_KS,wikipedia,30,20.927968
851,2016-12-11_160032,ppfTTAS_KS,wikipedia,30,20.837195
852,2016-12-11_160032,ppfTTAS_KS,wikipedia,30,21.048946
853,2016-12-11_160032,ppfTTAS_KS,wikipedia,30,18.746568
854,2016-12-11_160032,ppfTTAS_KS,wikipedia,30,21.362501
855,2016-12-11_160032,ppfTTAS_KS,wikipedia,30,19.364320000000003
856,2016-12-11_160032,ppfTTAS_KS,wikipedia,30,20.092677
857,2016-12-11_160032,ppfTTAS_KS,wikipedia,30,22.207604999999997
858,2016-12-11_160032,ppfTTAS_KS,wikipedia,30,19.711166
859,2016-12-11_160032,ppfTTAS_KS,wikipedia,30,20.536589000000003
860,2016-12-11_160032,ppfTTAS_KS,wikipedia,40,15.044943
861,2016-12-11_160032,ppfTTAS_KS,wikipedia,40,15.134479999999998
862,2016-12-11_160032,ppfTTAS_KS,wikipedia,40,15.345347
863,2016-12-11_160032,ppfTTAS_KS,wikipedia,40,14.306591000000001
864,2016-12-11_160032,ppfTTAS_KS,wikipedia,40,15.232544
865,2016-12-11_160032,ppfTTAS_KS,wikipedia,40,14.314679
866,2016-12-11_160032,ppfTTAS_KS,wikipedia,40,14.895387
867,2016-12-11_160032,ppfTTAS_KS,wikipedia,40,14.409728
868,2016-12-11_160032,ppfTTAS_KS,wikipedia,40,14.033403
869,2016-12-11_160032,ppfTTAS_KS,wikipedia,40,15.914498000000002
870,2016-12-11_160032,ppfTTAS_KS,wikipedia,40,14.104045999999999
871,2016-12-11_160032,ppfTTAS_KS,wikipedia,40,15.476014000000001
872,2016-12-11_160032,ppfTTAS_KS,wikipedia,40,15.201432
873,2016-12-11_160032,ppfTTAS_KS,wikipedia,40,15.755376
874,2016-12-11_160032,ppfTTAS_KS,wikipedia,40,15.520363
875,2016-12-11_160032,ppfTTAS_KS,wikipedia,40,16.672245
876,2016-12-11_160032,ppfTTAS_KS,wikipedia,40,13.726176999999998
877,2016-12-11_160032,ppfTTAS_KS,wikipedia,40,14.623679999999998
878,2016-12-11_160032,ppfTTAS_KS,wikipedia,40,15.083623000000001
879,2016-12-11_160032,ppfTTAS_KS,wikipedia,40,16.130237
880,2016-12-11_160032,ppfTTAS_KS,wikipedia,40,14.209401999999999
881,2016-12-11_160032,ppfTTAS_KS,wikipedia,40,16.013502
882,2016-12-11_160032,ppfTTAS_KS,wikipedia,40,14.746741
883,2016-12-11_160032,ppfTTAS_KS,wikipedia,40,13.831791
884,2016-12-11_160032,ppfTTAS_KS,wikipedia,40,14.453854999999999
885,2016-12-11_160032,ppfTTAS_KS,wikipedia,40,14.59637
886,2016-12-11_160032,ppfTTAS_KS,wikipedia,40,14.046644
887,2016-12-11_160032,ppfTTAS_KS,wikipedia,40,15.436646
888,2016-12-11_160032,ppfTTAS_KS,wikipedia,40,16.447041
889,2016-12-11_160032,ppfTTAS_KS,wikipedia,40,14.226868
890,2016-12-11_160032,ppfTTAS_KS,wikipedia,50,14.400585000000001
891,2016-12-11_160032,ppfTTAS_KS,wikipedia,50,12.817260000000001
892,2016-12-11_160032,ppfTTAS_KS,wikipedia,50,13.890919
893,2016-12-11_160032,ppfTTAS_KS,wikipedia,50,14.674828
894,2016-12-11_160032,ppfTTAS_KS,wikipedia,50,15.479903
895,2016-12-11_160032,ppfTTAS_KS,wikipedia,50,14.600963
896,2016-12-11_160032,ppfTTAS_KS,wikipedia,50,14.715318
897,2016-12-11_160032,ppfTTAS_KS,wikipedia,50,15.560003
898,2016-12-11_160032,ppfTTAS_KS,wikipedia,50,14.015557000000001
899,2016-12-11_160032,ppfTTAS_KS,wikipedia,50,14.262587
900,2016-12-11_160032,ppfTTAS_KS,wikipedia,50,14.134119
901,2016-12-11_160032,ppfTTAS_KS,wikipedia,50,14.22466
902,2016-12-11_160032,ppfTTAS_KS,wikipedia,50,15.102657999999998
903,2016-12-11_160032,ppfTTAS_KS,wikipedia,50,14.071426
904,2016-12-11_160032,ppfTTAS_KS,wikipedia,50,15.270783999999999
905,2016-12-11_160032,ppfTTAS_KS,wikipedia,50,14.367438
906,2016-12-11_160032,ppfTTAS_KS,wikipedia,50,13.981593
907,2016-12-11_160032,ppfTTAS_KS,wikipedia,50,13.490947
908,2016-12-11_160032,ppfTTAS_KS,wikipedia,50,13.698554000000001
909,2016-12-11_160032,ppfTTAS_KS,wikipedia,50,14.216785999999999
910,2016-12-11_160032,ppfTTAS_KS,wikipedia,50,14.899423
911,2016-12-11_160032,ppfTTAS_KS,wikipedia,50,15.816157
912,2016-12-11_160032,ppfTTAS_KS,wikipedia,50,15.221786999999999
913,2016-12-11_160032,ppfTTAS_KS,wikipedia,50,13.479486999999999
914,2016-12-11_160032,ppfTTAS_KS,wikipedia,50,14.266541
915,2016-12-11_160032,ppfTTAS_KS,wikipedia,50,14.715091000000001
916,2016-12-11_160032,ppfTTAS_KS,wikipedia,50,14.549338
917,2016-12-11_160032,ppfTTAS_KS,wikipedia,50,15.301120000000001
918,2016-12-11_160032,ppfTTAS_KS,wikipedia,50,16.810464
919,2016-12-11_160032,ppfTTAS_KS,wikipedia,50,15.042435000000001
920,2016-12-11_160032,ppfTTAS_KS,wikipedia,60,9.58127
921,2016-12-11_160032,ppfTTAS_KS,wikipedia,60,10.959357
922,2016-12-11_160032,ppfTTAS_KS,wikipedia,60,10.248472999999999
923,2016-12-11_160032,ppfTTAS_KS,wikipedia,60,10.764698
924,2016-12-11_160032,ppfTTAS_KS,wikipedia,60,9.555626
925,2016-12-11_160032,ppfTTAS_KS,wikipedia,60,10.159115
926,2016-12-11_160032,ppfTTAS_KS,wikipedia,60,11.935035000000001
927,2016-12-11_160032,ppfTTAS_KS,wikipedia,60,11.133655000000001
928,2016-12-11_160032,ppfTTAS_KS,wikipedia,60,10.747186
929,2016-12-11_160032,ppfTTAS_KS,wikipedia,60,10.941906
930,2016-12-11_160032,ppfTTAS_KS,wikipedia,60,9.564892
931,2016-12-11_160032,ppfTTAS_KS,wikipedia,60,11.819056
932,2016-12-11_160032,ppfTTAS_KS,wikipedia,60,10.650478
933,2016-12-11_160032,ppfTTAS_KS,wikipedia,60,9.843233
934,2016-12-11_160032,ppfTTAS_KS,wikipedia,60,11.163219999999999
935,2016-12-11_160032,ppfTTAS_KS,wikipedia,60,10.448932000000001
936,2016-12-11_160032,ppfTTAS_KS,wikipedia,60,10.098567999999998
937,2016-12-11_160032,ppfTTAS_KS,wikipedia,60,9.770576
938,2016-12-11_160032,ppfTTAS_KS,wikipedia,60,10.423093
939,2016-12-11_160032,ppfTTAS_KS,wikipedia,60,10.60329
940,2016-12-11_160032,ppfTTAS_KS,wikipedia,60,10.049592
941,2016-12-11_160032,ppfTTAS_KS,wikipedia,60,10.267306
942,2016-12-11_160032,ppfTTAS_KS,wikipedia,60,11.163117
943,2016-12-11_160032,ppfTTAS_KS,wikipedia,60,9.940344999999999
944,2016-12-11_160032,ppfTTAS_KS,wikipedia,60,9.971455
945,2016-12-11_160032,ppfTTAS_KS,wikipedia,60,10.527067
946,2016-12-11_160032,ppfTTAS_KS,wikipedia,60,10.981703999999999
947,2016-12-11_160032,ppfTTAS_KS,wikipedia,60,8.871792999999998
948,2016-12-11_160032,ppfTTAS_KS,wikipedia,60,10.528919
949,2016-12-11_160032,ppfTTAS_KS,wikipedia,60,9.73151
950,2016-12-11_160032,ppfTTAS_KS,wikipedia,70,10.107925999999999
951,2016-12-11_160032,ppfTTAS_KS,wikipedia,70,9.37831
952,2016-12-11_160032,ppfTTAS_KS,wikipedia,70,10.870884
953,2016-12-11_160032,ppfTTAS_KS,wikipedia,70,10.635189
954,2016-12-11_160032,ppfTTAS_KS,wikipedia,70,9.601678999999999
955,2016-12-11_160032,ppfTTAS_KS,wikipedia,70,10.281063
956,2016-12-11_160032,ppfTTAS_KS,wikipedia,70,10.366227
957,2016-12-11_160032,ppfTTAS_KS,wikipedia,70,10.234397
958,2016-12-11_160032,ppfTTAS_KS,wikipedia,70,11.176445
959,2016-12-11_160032,ppfTTAS_KS,wikipedia,70,9.910728
960,2016-12-11_160032,ppfTTAS_KS,wikipedia,70,10.541713
961,2016-12-11_160032,ppfTTAS_KS,wikipedia,70,10.812741
962,2016-12-11_160032,ppfTTAS_KS,wikipedia,70,10.281777
963,2016-12-11_160032,ppfTTAS_KS,wikipedia,70,9.579042999999999
964,2016-12-11_160032,ppfTTAS_KS,wikipedia,70,10.826633000000001
965,2016-12-11_160032,ppfTTAS_KS,wikipedia,70,10.136258
966,2016-12-11_160032,ppfTTAS_KS,wikipedia,70,9.940104
967,2016-12-11_160032,ppfTTAS_KS,wikipedia,70,11.241937
968,2016-12-11_160032,ppfTTAS_KS,wikipedia,70,10.848935
969,2016-12-11_160032,ppfTTAS_KS,wikipedia,70,10.375492999999999
970,2016-12-11_160032,ppfTTAS_KS,wikipedia,70,10.224499
971,2016-12-11_160032,ppfTTAS_KS,wikipedia,70,10.459027
972,2016-12-11_160032,ppfTTAS_KS,wikipedia,70,10.325827
973,2016-12-11_160032,ppfTTAS_KS,wikipedia,70,11.011656
974,2016-12-11_160032,ppfTTAS_KS,wikipedia,70,11.790271
975,2016-12-11_160032,ppfTTAS_KS,wikipedia,70,10.288967
976,2016-12-11_160032,ppfTTAS_KS,wikipedia,70,10.401369
977,2016-12-11_160032,ppfTTAS_KS,wikipedia,70,10.308204
978,2016-12-11_160032,ppfTTAS_KS,wikipedia,70,10.201967
979,2016-12-11_160032,ppfTTAS_KS,wikipedia,70,10.382361999999999
980,2016-12-11_160032,ppfTTAS_KS,wikipedia,80,8.619649
981,2016-12-11_160032,ppfTTAS_KS,wikipedia,80,7.393674000000001
982,2016-12-11_160032,ppfTTAS_KS,wikipedia,80,8.058612
983,2016-12-11_160032,ppfTTAS_KS,wikipedia,80,7.880391
984,2016-12-11_160032,ppfTTAS_KS,wikipedia,80,7.9330940000000005
985,2016-12-11_160032,ppfTTAS_KS,wikipedia,80,8.456709
986,2016-12-11_160032,ppfTTAS_KS,wikipedia,80,7.896350999999999
987,2016-12-11_160032,ppfTTAS_KS,wikipedia,80,9.149237
988,2016-12-11_160032,ppfTTAS_KS,wikipedia,80,8.884076
989,2016-12-11_160032,ppfTTAS_KS,wikipedia,80,10.010861
990,2016-12-11_160032,ppfTTAS_KS,wikipedia,80,8.807409
991,2016-12-11_160032,ppfTTAS_KS,wikipedia,80,8.560978
992,2016-12-11_160032,ppfTTAS_KS,wikipedia,80,7.690632000000001
993,2016-12-11_160032,ppfTTAS_KS,wikipedia,80,8.650574
994,2016-12-11_160032,ppfTTAS_KS,wikipedia,80,8.901841000000001
995,2016-12-11_160032,ppfTTAS_KS,wikipedia,80,8.30534
996,2016-12-11_160032,ppfTTAS_KS,wikipedia,80,7.399046
997,2016-12-11_160032,ppfTTAS_KS,wikipedia,80,8.755147000000001
998,2016-12-11_160032,ppfTTAS_KS,wikipedia,80,7.558757000000001
999,2016-12-11_160032,ppfTTAS_KS,wikipedia,80,8.263553
1000,2016-12-11_160032,ppfTTAS_KS,wikipedia,80,7.673311
1001,2016-12-11_160032,ppfTTAS_KS,wikipedia,80,7.698301
1002,2016-12-11_160032,ppfTTAS_KS,wikipedia,80,8.979425
1003,2016-12-11_160032,ppfTTAS_KS,wikipedia,80,8.777965
1004,2016-12-11_160032,ppfTTAS_KS,wikipedia,80,8.962246
1005,2016-12-11_160032,ppfTTAS_KS,wikipedia,80,7.140712
1006,2016-12-11_160032,ppfTTAS_KS,wikipedia,80,9.703685
1007,2016-12-11_160032,ppfTTAS_KS,wikipedia,80,8.270185000000001
1008,2016-12-11_160032,ppfTTAS_KS,wikipedia,80,9.696089
1009,2016-12-11_160032,ppfTTAS_KS,wikipedia,80,7.893758
1010,2016-12-11_160032,ppfTTAS_KS,wikipedia,90,7.5141789999999995
1011,2016-12-11_160032,ppfTTAS_KS,wikipedia,90,8.182285
1012,2016-12-11_160032,ppfTTAS_KS,wikipedia,90,7.428758
1013,2016-12-11_160032,ppfTTAS_KS,wikipedia,90,7.222865
1014,2016-12-11_160032,ppfTTAS_KS,wikipedia,90,7.512395
1015,2016-12-11_160032,ppfTTAS_KS,wikipedia,90,7.151458
1016,2016-12-11_160032,ppfTTAS_KS,wikipedia,90,8.258461
1017,2016-12-11_160032,ppfTTAS_KS,wikipedia,90,7.899369
1018,2016-12-11_160032,ppfTTAS_KS,wikipedia,90,7.320067999999999
1019,2016-12-11_160032,ppfTTAS_KS,wikipedia,90,7.936872999999999
1020,2016-12-11_160032,ppfTTAS_KS,wikipedia,90,7.533612
1021,2016-12-11_160032,ppfTTAS_KS,wikipedia,90,8.161799
1022,2016-12-11_160032,ppfTTAS_KS,wikipedia,90,6.391811
1023,2016-12-11_160032,ppfTTAS_KS,wikipedia,90,7.215875
1024,2016-12-11_160032,ppfTTAS_KS,wikipedia,90,7.5797289999999995
1025,2016-12-11_160032,ppfTTAS_KS,wikipedia,90,6.888013000000001
1026,2016-12-11_160032,ppfTTAS_KS,wikipedia,90,7.5845020000000005
1027,2016-12-11_160032,ppfTTAS_KS,wikipedia,90,7.391688
1028,2016-12-11_160032,ppfTTAS_KS,wikipedia,90,7.079219
1029,2016-12-11_160032,ppfTTAS_KS,wikipedia,90,7.290458999999999
1030,2016-12-11_160032,ppfTTAS_KS,wikipedia,90,8.273535
1031,2016-12-11_160032,ppfTTAS_KS,wikipedia,90,7.214527
1032,2016-12-11_160032,ppfTTAS_KS,wikipedia,90,7.079376
1033,2016-12-11_160032,ppfTTAS_KS,wikipedia,90,7.065810000000001
1034,2016-12-11_160032,ppfTTAS_KS,wikipedia,90,7.0516
1035,2016-12-11_160032,ppfTTAS_KS,wikipedia,90,7.822108999999999
1036,2016-12-11_160032,ppfTTAS_KS,wikipedia,90,7.946324000000001
1037,2016-12-11_160032,ppfTTAS_KS,wikipedia,90,6.627824
1038,2016-12-11_160032,ppfTTAS_KS,wikipedia,90,7.618564999999999
1039,2016-12-11_160032,ppfTTAS_KS,wikipedia,90,7.976199
1040,2016-12-11_160032,ppfTTAS_KS,wikipedia,100,6.180492
1041,2016-12-11_160032,ppfTTAS_KS,wikipedia,100,5.833413
1042,2016-12-11_160032,ppfTTAS_KS,wikipedia,100,6.340048
1043,2016-12-11_160032,ppfTTAS_KS,wikipedia,100,6.272604
1044,2016-12-11_160032,ppfTTAS_KS,wikipedia,100,6.126498000000001
1045,2016-12-11_160032,ppfTTAS_KS,wikipedia,100,5.900701000000001
1046,2016-12-11_160032,ppfTTAS_KS,wikipedia,100,6.2347660000000005
1047,2016-12-11_160032,ppfTTAS_KS,wikipedia,100,6.370769
1048,2016-12-11_160032,ppfTTAS_KS,wikipedia,100,5.877818
1049,2016-12-11_160032,ppfTTAS_KS,wikipedia,100,6.75909
1050,2016-12-11_160032,ppfTTAS_KS,wikipedia,100,5.745325
1051,2016-12-11_160032,ppfTTAS_KS,wikipedia,100,6.321364
1052,2016-12-11_160032,ppfTTAS_KS,wikipedia,100,5.53299
1053,2016-12-11_160032,ppfTTAS_KS,wikipedia,100,5.712989
1054,2016-12-11_160032,ppfTTAS_KS,wikipedia,100,6.6243669999999995
1055,2016-12-11_160032,ppfTTAS_KS,wikipedia,100,6.220636
1056,2016-12-11_160032,ppfTTAS_KS,wikipedia,100,5.697479
1057,2016-12-11_160032,ppfTTAS_KS,wikipedia,100,6.131206
1058,2016-12-11_160032,ppfTTAS_KS,wikipedia,100,6.536494
1059,2016-12-11_160032,ppfTTAS_KS,wikipedia,100,6.381982
1060,2016-12-11_160032,ppfTTAS_KS,wikipedia,100,5.705947
1061,2016-12-11_160032,ppfTTAS_KS,wikipedia,100,6.302017
1062,2016-12-11_160032,ppfTTAS_KS,wikipedia,100,5.988015
1063,2016-12-11_160032,ppfTTAS_KS,wikipedia,100,6.566557
1064,2016-12-11_160032,ppfTTAS_KS,wikipedia,100,6.119179
1065,2016-12-11_160032,ppfTTAS_KS,wikipedia,100,6.099538
1066,2016-12-11_160032,ppfTTAS_KS,wikipedia,100,6.608097
1067,2016-12-11_160032,ppfTTAS_KS,wikipedia,100,5.950583
1068,2016-12-11_160032,ppfTTAS_KS,wikipedia,100,6.150309
1069,2016-12-11_160032,ppfTTAS_KS,wikipedia,100,6.192403
1070,2016-12-11_160032,ppfTTAS_KS,wikipedia,110,5.552443
1071,2016-12-11_160032,ppfTTAS_KS,wikipedia,110,6.313289
1072,2016-12-11_160032,ppfTTAS_KS,wikipedia,110,6.1754050000000005
1073,2016-12-11_160032,ppfTTAS_KS,wikipedia,110,6.2124239999999995
1074,2016-12-11_160032,ppfTTAS_KS,wikipedia,110,6.614433
1075,2016-12-11_160032,ppfTTAS_KS,wikipedia,110,6.5607
1076,2016-12-11_160032,ppfTTAS_KS,wikipedia,110,6.4926699999999995
1077,2016-12-11_160032,ppfTTAS_KS,wikipedia,110,6.538958
1078,2016-12-11_160032,ppfTTAS_KS,wikipedia,110,6.1127720000000005
1079,2016-12-11_160032,ppfTTAS_KS,wikipedia,110,6.353864
1080,2016-12-11_160032,ppfTTAS_KS,wikipedia,110,5.6704550000000005
1081,2016-12-11_160032,ppfTTAS_KS,wikipedia,110,5.936346
1082,2016-12-11_160032,ppfTTAS_KS,wikipedia,110,6.080869
1083,2016-12-11_160032,ppfTTAS_KS,wikipedia,110,5.837712000000001
1084,2016-12-11_160032,ppfTTAS_KS,wikipedia,110,6.189899
1085,2016-12-11_160032,ppfTTAS_KS,wikipedia,110,6.920572999999999
1086,2016-12-11_160032,ppfTTAS_KS,wikipedia,110,5.9639050000000005
1087,2016-12-11_160032,ppfTTAS_KS,wikipedia,110,5.8794319999999995
1088,2016-12-11_160032,ppfTTAS_KS,wikipedia,110,6.254586
1089,2016-12-11_160032,ppfTTAS_KS,wikipedia,110,6.984414
1090,2016-12-11_160032,ppfTTAS_KS,wikipedia,110,6.496903
1091,2016-12-11_160032,ppfTTAS_KS,wikipedia,110,6.169721
1092,2016-12-11_160032,ppfTTAS_KS,wikipedia,110,6.595186
1093,2016-12-11_160032,ppfTTAS_KS,wikipedia,110,5.390026
1094,2016-12-11_160032,ppfTTAS_KS,wikipedia,110,5.511296
1095,2016-12-11_160032,ppfTTAS_KS,wikipedia,110,7.037664
1096,2016-12-11_160032,ppfTTAS_KS,wikipedia,110,6.567011
1097,2016-12-11_160032,ppfTTAS_KS,wikipedia,110,5.540055000000001
1098,2016-12-11_160032,ppfTTAS_KS,wikipedia,110,6.281897
1099,2016-12-11_160032,ppfTTAS_KS,wikipedia,110,6.2673760000000005
1100,2016-12-11_160032,ppfTTAS_KS,wikipedia,120,5.875711
1101,2016-12-11_160032,ppfTTAS_KS,wikipedia,120,6.018279
1102,2016-12-11_160032,ppfTTAS_KS,wikipedia,120,5.973708
1103,2016-12-11_160032,ppfTTAS_KS,wikipedia,120,6.268947
1104,2016-12-11_160032,ppfTTAS_KS,wikipedia,120,6.661701
1105,2016-12-11_160032,ppfTTAS_KS,wikipedia,120,6.108582
1106,2016-12-11_160032,ppfTTAS_KS,wikipedia,120,6.409446
1107,2016-12-11_160032,ppfTTAS_KS,wikipedia,120,5.812946
1108,2016-12-11_160032,ppfTTAS_KS,wikipedia,120,6.14803
1109,2016-12-11_160032,ppfTTAS_KS,wikipedia,120,6.371165
1110,2016-12-11_160032,ppfTTAS_KS,wikipedia,120,5.754585
1111,2016-12-11_160032,ppfTTAS_KS,wikipedia,120,5.925013
1112,2016-12-11_160032,ppfTTAS_KS,wikipedia,120,5.839047
1113,2016-12-11_160032,ppfTTAS_KS,wikipedia,120,5.922498
1114,2016-12-11_160032,ppfTTAS_KS,wikipedia,120,5.8036389999999995
1115,2016-12-11_160032,ppfTTAS_KS,wikipedia,120,5.627545
1116,2016-12-11_160032,ppfTTAS_KS,wikipedia,120,6.318783
1117,2016-12-11_160032,ppfTTAS_KS,wikipedia,120,5.474107
1118,2016-12-11_160032,ppfTTAS_KS,wikipedia,120,6.1465629999999996
1119,2016-12-11_160032,ppfTTAS_KS,wikipedia,120,6.253266
1120,2016-12-11_160032,ppfTTAS_KS,wikipedia,120,5.92514
1121,2016-12-11_160032,ppfTTAS_KS,wikipedia,120,6.045954
1122,2016-12-11_160032,ppfTTAS_KS,wikipedia,120,6.819642
1123,2016-12-11_160032,ppfTTAS_KS,wikipedia,120,6.441273000000001
1124,2016-12-11_160032,ppfTTAS_KS,wikipedia,120,6.691849
1125,2016-12-11_160032,ppfTTAS_KS,wikipedia,120,6.102071
1126,2016-12-11_160032,ppfTTAS_KS,wikipedia,120,5.594517
1127,2016-12-11_160032,ppfTTAS_KS,wikipedia,120,6.49956
1128,2016-12-11_160032,ppfTTAS_KS,wikipedia,120,6.155151999999999
1129,2016-12-11_160032,ppfTTAS_KS,wikipedia,120,5.903696
1130,2016-12-11_160032,ppfTTAS_KS,wikipedia,130,6.082949
1131,2016-12-11_160032,ppfTTAS_KS,wikipedia,130,5.962416999999999
1132,2016-12-11_160032,ppfTTAS_KS,wikipedia,130,6.095008
1133,2016-12-11_160032,ppfTTAS_KS,wikipedia,130,6.906680000000001
1134,2016-12-11_160032,ppfTTAS_KS,wikipedia,130,5.411848
1135,2016-12-11_160032,ppfTTAS_KS,wikipedia,130,6.471433
1136,2016-12-11_160032,ppfTTAS_KS,wikipedia,130,6.524533
1137,2016-12-11_160032,ppfTTAS_KS,wikipedia,130,5.687648
1138,2016-12-11_160032,ppfTTAS_KS,wikipedia,130,5.842462
1139,2016-12-11_160032,ppfTTAS_KS,wikipedia,130,5.203318
1140,2016-12-11_160032,ppfTTAS_KS,wikipedia,130,5.908691
1141,2016-12-11_160032,ppfTTAS_KS,wikipedia,130,5.239504
1142,2016-12-11_160032,ppfTTAS_KS,wikipedia,130,5.649889
1143,2016-12-11_160032,ppfTTAS_KS,wikipedia,130,6.299069
1144,2016-12-11_160032,ppfTTAS_KS,wikipedia,130,5.462701
1145,2016-12-11_160032,ppfTTAS_KS,wikipedia,130,5.7073730000000005
1146,2016-12-11_160032,ppfTTAS_KS,wikipedia,130,5.934139
1147,2016-12-11_160032,ppfTTAS_KS,wikipedia,130,5.193604
1148,2016-12-11_160032,ppfTTAS_KS,wikipedia,130,6.42809
1149,2016-12-11_160032,ppfTTAS_KS,wikipedia,130,4.781121
1150,2016-12-11_160032,ppfTTAS_KS,wikipedia,130,5.399624
1151,2016-12-11_160032,ppfTTAS_KS,wikipedia,130,6.4634089999999995
1152,2016-12-11_160032,ppfTTAS_KS,wikipedia,130,5.847569999999999
1153,2016-12-11_160032,ppfTTAS_KS,wikipedia,130,6.060909
1154,2016-12-11_160032,ppfTTAS_KS,wikipedia,130,6.123903
1155,2016-12-11_160032,ppfTTAS_KS,wikipedia,130,5.896098
1156,2016-12-11_160032,ppfTTAS_KS,wikipedia,130,6.49209
1157,2016-12-11_160032,ppfTTAS_KS,wikipedia,130,6.0896099999999995
1158,2016-12-11_160032,ppfTTAS_KS,wikipedia,130,5.869733
1159,2016-12-11_160032,ppfTTAS_KS,wikipedia,130,5.68124
1160,2016-12-11_160032,ppfTTAS_KS,wikipedia,140,4.520805
1161,2016-12-11_160032,ppfTTAS_KS,wikipedia,140,5.265306
1162,2016-12-11_160032,ppfTTAS_KS,wikipedia,140,4.005948
1163,2016-12-11_160032,ppfTTAS_KS,wikipedia,140,4.396349
1164,2016-12-11_160032,ppfTTAS_KS,wikipedia,140,4.473215
1165,2016-12-11_160032,ppfTTAS_KS,wikipedia,140,4.111142
1166,2016-12-11_160032,ppfTTAS_KS,wikipedia,140,4.510634
1167,2016-12-11_160032,ppfTTAS_KS,wikipedia,140,4.803640000000001
1168,2016-12-11_160032,ppfTTAS_KS,wikipedia,140,4.674157
1169,2016-12-11_160032,ppfTTAS_KS,wikipedia,140,4.572613
1170,2016-12-11_160032,ppfTTAS_KS,wikipedia,140,5.018169
1171,2016-12-11_160032,ppfTTAS_KS,wikipedia,140,4.686052
1172,2016-12-11_160032,ppfTTAS_KS,wikipedia,140,4.684451999999999
1173,2016-12-11_160032,ppfTTAS_KS,wikipedia,140,4.971246
1174,2016-12-11_160032,ppfTTAS_KS,wikipedia,140,4.2936760000000005
1175,2016-12-11_160032,ppfTTAS_KS,wikipedia,140,4.449834
1176,2016-12-11_160032,ppfTTAS_KS,wikipedia,140,4.575955
1177,2016-12-11_160032,ppfTTAS_KS,wikipedia,140,4.519386
1178,2016-12-11_160032,ppfTTAS_KS,wikipedia,140,4.286212
1179,2016-12-11_160032,ppfTTAS_KS,wikipedia,140,4.975661
1180,2016-12-11_160032,ppfTTAS_KS,wikipedia,140,5.011948
1181,2016-12-11_160032,ppfTTAS_KS,wikipedia,140,4.651321
1182,2016-12-11_160032,ppfTTAS_KS,wikipedia,140,4.653698
1183,2016-12-11_160032,ppfTTAS_KS,wikipedia,140,4.600257
1184,2016-12-11_160032,ppfTTAS_KS,wikipedia,140,4.270706
1185,2016-12-11_160032,ppfTTAS_KS,wikipedia,140,4.975912999999999
1186,2016-12-11_160032,ppfTTAS_KS,wikipedia,140,4.1449489999999996
1187,2016-12-11_160032,ppfTTAS_KS,wikipedia,140,4.749414
1188,2016-12-11_160032,ppfTTAS_KS,wikipedia,140,5.205877
1189,2016-12-11_160032,ppfTTAS_KS,wikipedia,140,4.274898
1190,2016-12-11_160032,ppfTTAS_KS,wikipedia,150,4.983598000000001
1191,2016-12-11_160032,ppfTTAS_KS,wikipedia,150,5.230538
1192,2016-12-11_160032,ppfTTAS_KS,wikipedia,150,4.831068
1193,2016-12-11_160032,ppfTTAS_KS,wikipedia,150,4.619873999999999
1194,2016-12-11_160032,ppfTTAS_KS,wikipedia,150,5.014392
1195,2016-12-11_160032,ppfTTAS_KS,wikipedia,150,4.340006
1196,2016-12-11_160032,ppfTTAS_KS,wikipedia,150,4.821923
1197,2016-12-11_160032,ppfTTAS_KS,wikipedia,150,5.179005999999999
1198,2016-12-11_160032,ppfTTAS_KS,wikipedia,150,5.156815
1199,2016-12-11_160032,ppfTTAS_KS,wikipedia,150,4.43492
1200,2016-12-11_160032,ppfTTAS_KS,wikipedia,150,4.777946
1201,2016-12-11_160032,ppfTTAS_KS,wikipedia,150,4.847708
1202,2016-12-11_160032,ppfTTAS_KS,wikipedia,150,5.0653440000000005
1203,2016-12-11_160032,ppfTTAS_KS,wikipedia,150,4.587388
1204,2016-12-11_160032,ppfTTAS_KS,wikipedia,150,4.9562230000000005
1205,2016-12-11_160032,ppfTTAS_KS,wikipedia,150,5.542383
1206,2016-12-11_160032,ppfTTAS_KS,wikipedia,150,5.160527
1207,2016-12-11_160032,ppfTTAS_KS,wikipedia,150,5.027153
1208,2016-12-11_160032,ppfTTAS_KS,wikipedia,150,4.209258
1209,2016-12-11_160032,ppfTTAS_KS,wikipedia,150,5.128223
1210,2016-12-11_160032,ppfTTAS_KS,wikipedia,150,5.175805
1211,2016-12-11_160032,ppfTTAS_KS,wikipedia,150,4.370158
1212,2016-12-11_160032,ppfTTAS_KS,wikipedia,150,5.181477
1213,2016-12-11_160032,ppfTTAS_KS,wikipedia,150,5.334902
1214,2016-12-11_160032,ppfTTAS_KS,wikipedia,150,5.1486540000000005
1215,2016-12-11_160032,ppfTTAS_KS,wikipedia,150,5.088368
1216,2016-12-11_160032,ppfTTAS_KS,wikipedia,150,4.692049
1217,2016-12-11_160032,ppfTTAS_KS,wikipedia,150,5.161735
1218,2016-12-11_160032,ppfTTAS_KS,wikipedia,150,4.875854
1219,2016-12-11_160032,ppfTTAS_KS,wikipedia,150,5.1453690000000005
1220,2016-12-11_160032,ppfTTAS_KS,wikipedia,160,4.275221
1221,2016-12-11_160032,ppfTTAS_KS,wikipedia,160,4.624941000000001
1222,2016-12-11_160032,ppfTTAS_KS,wikipedia,160,4.4212940000000005
1223,2016-12-11_160032,ppfTTAS_KS,wikipedia,160,4.420309
1224,2016-12-11_160032,ppfTTAS_KS,wikipedia,160,4.603364
1225,2016-12-11_160032,ppfTTAS_KS,wikipedia,160,4.447374
1226,2016-12-11_160032,ppfTTAS_KS,wikipedia,160,4.263439
1227,2016-12-11_160032,ppfTTAS_KS,wikipedia,160,4.392941
1228,2016-12-11_160032,ppfTTAS_KS,wikipedia,160,4.310676
1229,2016-12-11_160032,ppfTTAS_KS,wikipedia,160,4.719681
1230,2016-12-11_160032,ppfTTAS_KS,wikipedia,160,4.347824
1231,2016-12-11_160032,ppfTTAS_KS,wikipedia,160,4.459327
1232,2016-12-11_160032,ppfTTAS_KS,wikipedia,160,4.329185
1233,2016-12-11_160032,ppfTTAS_KS,wikipedia,160,4.209933
1234,2016-12-11_160032,ppfTTAS_KS,wikipedia,160,4.216829
1235,2016-12-11_160032,ppfTTAS_KS,wikipedia,160,4.202609
1236,2016-12-11_160032,ppfTTAS_KS,wikipedia,160,3.791894
1237,2016-12-11_160032,ppfTTAS_KS,wikipedia,160,4.245928
1238,2016-12-11_160032,ppfTTAS_KS,wikipedia,160,4.2683800000000005
1239,2016-12-11_160032,ppfTTAS_KS,wikipedia,160,4.461186
1240,2016-12-11_160032,ppfTTAS_KS,wikipedia,160,4.390052
1241,2016-12-11_160032,ppfTTAS_KS,wikipedia,160,4.191856
1242,2016-12-11_160032,ppfTTAS_KS,wikipedia,160,4.246911
1243,2016-12-11_160032,ppfTTAS_KS,wikipedia,160,4.123838
1244,2016-12-11_160032,ppfTTAS_KS,wikipedia,160,4.260872
1245,2016-12-11_160032,ppfTTAS_KS,wikipedia,160,4.998444
1246,2016-12-11_160032,ppfTTAS_KS,wikipedia,160,4.676523
1247,2016-12-11_160032,ppfTTAS_KS,wikipedia,160,4.217548000000001
1248,2016-12-11_160032,ppfTTAS_KS,wikipedia,160,4.5626809999999995
1249,2016-12-11_160032,ppfTTAS_KS,wikipedia,160,4.435658
1250,2016-12-11_160032,ppfTTAS_KS,wikipedia,170,4.5583
1251,2016-12-11_160032,ppfTTAS_KS,wikipedia,170,4.828771
1252,2016-12-11_160032,ppfTTAS_KS,wikipedia,170,5.020608999999999
1253,2016-12-11_160032,ppfTTAS_KS,wikipedia,170,5.039046
1254,2016-12-11_160032,ppfTTAS_KS,wikipedia,170,4.107648
1255,2016-12-11_160032,ppfTTAS_KS,wikipedia,170,4.175853
1256,2016-12-11_160032,ppfTTAS_KS,wikipedia,170,4.433457
1257,2016-12-11_160032,ppfTTAS_KS,wikipedia,170,4.886647
1258,2016-12-11_160032,ppfTTAS_KS,wikipedia,170,4.031509
1259,2016-12-11_160032,ppfTTAS_KS,wikipedia,170,4.359158
1260,2016-12-11_160032,ppfTTAS_KS,wikipedia,170,4.753753
1261,2016-12-11_160032,ppfTTAS_KS,wikipedia,170,5.393408999999999
1262,2016-12-11_160032,ppfTTAS_KS,wikipedia,170,4.455583
1263,2016-12-11_160032,ppfTTAS_KS,wikipedia,170,3.893504
1264,2016-12-11_160032,ppfTTAS_KS,wikipedia,170,4.221952
1265,2016-12-11_160032,ppfTTAS_KS,wikipedia,170,5.155787999999999
1266,2016-12-11_160032,ppfTTAS_KS,wikipedia,170,4.241306
1267,2016-12-11_160032,ppfTTAS_KS,wikipedia,170,3.869526
1268,2016-12-11_160032,ppfTTAS_KS,wikipedia,170,4.001894999999999
1269,2016-12-11_160032,ppfTTAS_KS,wikipedia,170,4.746549
1270,2016-12-11_160032,ppfTTAS_KS,wikipedia,170,4.7807699999999995
1271,2016-12-11_160032,ppfTTAS_KS,wikipedia,170,4.038822
1272,2016-12-11_160032,ppfTTAS_KS,wikipedia,170,5.297209
1273,2016-12-11_160032,ppfTTAS_KS,wikipedia,170,4.788017
1274,2016-12-11_160032,ppfTTAS_KS,wikipedia,170,4.939822
1275,2016-12-11_160032,ppfTTAS_KS,wikipedia,170,4.658498000000001
1276,2016-12-11_160032,ppfTTAS_KS,wikipedia,170,4.139544
1277,2016-12-11_160032,ppfTTAS_KS,wikipedia,170,4.192039
1278,2016-12-11_160032,ppfTTAS_KS,wikipedia,170,4.9881720000000005
1279,2016-12-11_160032,ppfTTAS_KS,wikipedia,170,3.9343169999999996
1280,2016-12-11_160032,ppfTTAS_KS,wikipedia,180,4.123228
1281,2016-12-11_160032,ppfTTAS_KS,wikipedia,180,3.7034879999999997
1282,2016-12-11_160032,ppfTTAS_KS,wikipedia,180,3.9247769999999997
1283,2016-12-11_160032,ppfTTAS_KS,wikipedia,180,3.971486
1284,2016-12-11_160032,ppfTTAS_KS,wikipedia,180,3.8145330000000004
1285,2016-12-11_160032,ppfTTAS_KS,wikipedia,180,4.0582970000000005
1286,2016-12-11_160032,ppfTTAS_KS,wikipedia,180,4.126925
1287,2016-12-11_160032,ppfTTAS_KS,wikipedia,180,3.8082300000000004
1288,2016-12-11_160032,ppfTTAS_KS,wikipedia,180,4.1115
1289,2016-12-11_160032,ppfTTAS_KS,wikipedia,180,3.576419
1290,2016-12-11_160032,ppfTTAS_KS,wikipedia,180,3.867357
1291,2016-12-11_160032,ppfTTAS_KS,wikipedia,180,3.995739
1292,2016-12-11_160032,ppfTTAS_KS,wikipedia,180,3.8001419999999997
1293,2016-12-11_160032,ppfTTAS_KS,wikipedia,180,3.414643
1294,2016-12-11_160032,ppfTTAS_KS,wikipedia,180,3.6233779999999998
1295,2016-12-11_160032,ppfTTAS_KS,wikipedia,180,3.787729
1296,2016-12-11_160032,ppfTTAS_KS,wikipedia,180,3.7372940000000003
1297,2016-12-11_160032,ppfTTAS_KS,wikipedia,180,3.6588870000000004
1298,2016-12-11_160032,ppfTTAS_KS,wikipedia,180,4.116658
1299,2016-12-11_160032,ppfTTAS_KS,wikipedia,180,3.938995
1300,2016-12-11_160032,ppfTTAS_KS,wikipedia,180,3.772875
1301,2016-12-11_160032,ppfTTAS_KS,wikipedia,180,3.7497339999999997
1302,2016-12-11_160032,ppfTTAS_KS,wikipedia,180,4.384291999999999
1303,2016-12-11_160032,ppfTTAS_KS,wikipedia,180,3.924343
1304,2016-12-11_160032,ppfTTAS_KS,wikipedia,180,4.133852
1305,2016-12-11_160032,ppfTTAS_KS,wikipedia,180,3.759589
1306,2016-12-11_160032,ppfTTAS_KS,wikipedia,180,3.814732
1307,2016-12-11_160032,ppfTTAS_KS,wikipedia,180,3.774402
1308,2016-12-11_160032,ppfTTAS_KS,wikipedia,180,3.7913879999999995
1309,2016-12-11_160032,ppfTTAS_KS,wikipedia,180,3.842125
1310,2016-12-11_160032,ppfTTAS_KS,wikipedia,190,4.706619
1311,2016-12-11_160032,ppfTTAS_KS,wikipedia,190,4.310064
1312,2016-12-11_160032,ppfTTAS_KS,wikipedia,190,3.8710150000000003
1313,2016-12-11_160032,ppfTTAS_KS,wikipedia,190,3.774462
1314,2016-12-11_160032,ppfTTAS_KS,wikipedia,190,4.975886
1315,2016-12-11_160032,ppfTTAS_KS,wikipedia,190,3.8667529999999997
1316,2016-12-11_160032,ppfTTAS_KS,wikipedia,190,3.781311
1317,2016-12-11_160032,ppfTTAS_KS,wikipedia,190,3.889089
1318,2016-12-11_160032,ppfTTAS_KS,wikipedia,190,4.238015
1319,2016-12-11_160032,ppfTTAS_KS,wikipedia,190,4.279669
1320,2016-12-11_160032,ppfTTAS_KS,wikipedia,190,3.9345260000000004
1321,2016-12-11_160032,ppfTTAS_KS,wikipedia,190,4.497485
1322,2016-12-11_160032,ppfTTAS_KS,wikipedia,190,4.0342400000000005
1323,2016-12-11_160032,ppfTTAS_KS,wikipedia,190,3.729044
1324,2016-12-11_160032,ppfTTAS_KS,wikipedia,190,4.203058
1325,2016-12-11_160032,ppfTTAS_KS,wikipedia,190,4.2308650000000005
1326,2016-12-11_160032,ppfTTAS_KS,wikipedia,190,4.091022
1327,2016-12-11_160032,ppfTTAS_KS,wikipedia,190,3.975683
1328,2016-12-11_160032,ppfTTAS_KS,wikipedia,190,4.239361
1329,2016-12-11_160032,ppfTTAS_KS,wikipedia,190,3.685007
1330,2016-12-11_160032,ppfTTAS_KS,wikipedia,190,4.686104
1331,2016-12-11_160032,ppfTTAS_KS,wikipedia,190,3.898739
1332,2016-12-11_160032,ppfTTAS_KS,wikipedia,190,4.064836
1333,2016-12-11_160032,ppfTTAS_KS,wikipedia,190,4.49149
1334,2016-12-11_160032,ppfTTAS_KS,wikipedia,190,3.8693419999999996
1335,2016-12-11_160032,ppfTTAS_KS,wikipedia,190,4.163341
1336,2016-12-11_160032,ppfTTAS_KS,wikipedia,190,3.8489489999999997
1337,2016-12-11_160032,ppfTTAS_KS,wikipedia,190,4.061082
1338,2016-12-11_160032,ppfTTAS_KS,wikipedia,190,4.263622
1339,2016-12-11_160032,ppfTTAS_KS,wikipedia,190,3.907707
1340,2016-12-11_160032,ppfTTAS_KS,wikipedia,200,3.648365
1341,2016-12-11_160032,ppfTTAS_KS,wikipedia,200,3.295356
1342,2016-12-11_160032,ppfTTAS_KS,wikipedia,200,3.382386
1343,2016-12-11_160032,ppfTTAS_KS,wikipedia,200,3.175995
1344,2016-12-11_160032,ppfTTAS_KS,wikipedia,200,3.254739
1345,2016-12-11_160032,ppfTTAS_KS,wikipedia,200,3.152007
1346,2016-12-11_160032,ppfTTAS_KS,wikipedia,200,3.203964
1347,2016-12-11_160032,ppfTTAS_KS,wikipedia,200,3.3773419999999996
1348,2016-12-11_160032,ppfTTAS_KS,wikipedia,200,3.272862
1349,2016-12-11_160032,ppfTTAS_KS,wikipedia,200,3.2654349999999996
1350,2016-12-11_160032,ppfTTAS_KS,wikipedia,200,3.450649
1351,2016-12-11_160032,ppfTTAS_KS,wikipedia,200,3.252039
1352,2016-12-11_160032,ppfTTAS_KS,wikipedia,200,3.3969129999999996
1353,2016-12-11_160032,ppfTTAS_KS,wikipedia,200,3.3546300000000002
1354,2016-12-11_160032,ppfTTAS_KS,wikipedia,200,3.154934
1355,2016-12-11_160032,ppfTTAS_KS,wikipedia,200,3.156444
1356,2016-12-11_160032,ppfTTAS_KS,wikipedia,200,3.3317099999999997
1357,2016-12-11_160032,ppfTTAS_KS,wikipedia,200,3.223048
1358,2016-12-11_160032,ppfTTAS_KS,wikipedia,200,3.130909
1359,2016-12-11_160032,ppfTTAS_KS,wikipedia,200,3.38761
1360,2016-12-11_160032,ppfTTAS_KS,wikipedia,200,3.3883919999999996
1361,2016-12-11_160032,ppfTTAS_KS,wikipedia,200,3.224205
1362,2016-12-11_160032,ppfTTAS_KS,wikipedia,200,3.268128
1363,2016-12-11_160032,ppfTTAS_KS,wikipedia,200,3.226672
1364,2016-12-11_160032,ppfTTAS_KS,wikipedia,200,3.40007
1365,2016-12-11_160032,ppfTTAS_KS,wikipedia,200,3.183672
1366,2016-12-11_160032,ppfTTAS_KS,wikipedia,200,3.067688
1367,2016-12-11_160032,ppfTTAS_KS,wikipedia,200,3.028022
1368,2016-12-11_160032,ppfTTAS_KS,wikipedia,200,3.20056
1369,2016-12-11_160032,ppfTTAS_KS,wikipedia,200,3.501643
1370,2016-12-11_160032,ppfTTAS_KS,wikipedia,210,2.913109
1371,2016-12-11_160032,ppfTTAS_KS,wikipedia,210,2.931504
1372,2016-12-11_160032,ppfTTAS_KS,wikipedia,210,2.762959
1373,2016-12-11_160032,ppfTTAS_KS,wikipedia,210,3.0874029999999997
1374,2016-12-11_160032,ppfTTAS_KS,wikipedia,210,3.144457
1375,2016-12-11_160032,ppfTTAS_KS,wikipedia,210,2.933614
1376,2016-12-11_160032,ppfTTAS_KS,wikipedia,210,2.8136959999999998
1377,2016-12-11_160032,ppfTTAS_KS,wikipedia,210,3.027487
1378,2016-12-11_160032,ppfTTAS_KS,wikipedia,210,2.983639
1379,2016-12-11_160032,ppfTTAS_KS,wikipedia,210,2.783712
1380,2016-12-11_160032,ppfTTAS_KS,wikipedia,210,3.206175
1381,2016-12-11_160032,ppfTTAS_KS,wikipedia,210,2.753636
1382,2016-12-11_160032,ppfTTAS_KS,wikipedia,210,2.948983
1383,2016-12-11_160032,ppfTTAS_KS,wikipedia,210,3.00164
1384,2016-12-11_160032,ppfTTAS_KS,wikipedia,210,3.035245
1385,2016-12-11_160032,ppfTTAS_KS,wikipedia,210,2.876856
1386,2016-12-11_160032,ppfTTAS_KS,wikipedia,210,2.798248
1387,2016-12-11_160032,ppfTTAS_KS,wikipedia,210,2.869525
1388,2016-12-11_160032,ppfTTAS_KS,wikipedia,210,2.870878
1389,2016-12-11_160032,ppfTTAS_KS,wikipedia,210,2.862047
1390,2016-12-11_160032,ppfTTAS_KS,wikipedia,210,2.838158
1391,2016-12-11_160032,ppfTTAS_KS,wikipedia,210,2.957359
1392,2016-12-11_160032,ppfTTAS_KS,wikipedia,210,2.971178
1393,2016-12-11_160032,ppfTTAS_KS,wikipedia,210,2.676206
1394,2016-12-11_160032,ppfTTAS_KS,wikipedia,210,2.931473
1395,2016-12-11_160032,ppfTTAS_KS,wikipedia,210,2.868286
1396,2016-12-11_160032,ppfTTAS_KS,wikipedia,210,2.738493
1397,2016-12-11_160032,ppfTTAS_KS,wikipedia,210,2.901098
1398,2016-12-11_160032,ppfTTAS_KS,wikipedia,210,2.678851
1399,2016-12-11_160032,ppfTTAS_KS,wikipedia,210,2.723827
1400,2016-12-11_160032,ppfTTAS_KS,wikipedia,220,3.2430689999999998
1401,2016-12-11_160032,ppfTTAS_KS,wikipedia,220,3.26815
1402,2016-12-11_160032,ppfTTAS_KS,wikipedia,220,3.299174
1403,2016-12-11_160032,ppfTTAS_KS,wikipedia,220,3.121208
1404,2016-12-11_160032,ppfTTAS_KS,wikipedia,220,3.2011819999999997
1405,2016-12-11_160032,ppfTTAS_KS,wikipedia,220,3.044159
1406,2016-12-11_160032,ppfTTAS_KS,wikipedia,220,3.084612
1407,2016-12-11_160032,ppfTTAS_KS,wikipedia,220,3.3041650000000002
1408,2016-12-11_160032,ppfTTAS_KS,wikipedia,220,2.871264
1409,2016-12-11_160032,ppfTTAS_KS,wikipedia,220,3.167932
1410,2016-12-11_160032,ppfTTAS_KS,wikipedia,220,3.397318
1411,2016-12-11_160032,ppfTTAS_KS,wikipedia,220,3.427227
1412,2016-12-11_160032,ppfTTAS_KS,wikipedia,220,3.438678
1413,2016-12-11_160032,ppfTTAS_KS,wikipedia,220,3.050426
1414,2016-12-11_160032,ppfTTAS_KS,wikipedia,220,3.244675
1415,2016-12-11_160032,ppfTTAS_KS,wikipedia,220,3.4785230000000005
1416,2016-12-11_160032,ppfTTAS_KS,wikipedia,220,3.042709
1417,2016-12-11_160032,ppfTTAS_KS,wikipedia,220,3.018664
1418,2016-12-11_160032,ppfTTAS_KS,wikipedia,220,3.006198
1419,2016-12-11_160032,ppfTTAS_KS,wikipedia,220,3.090318
1420,2016-12-11_160032,ppfTTAS_KS,wikipedia,220,3.00559
1421,2016-12-11_160032,ppfTTAS_KS,wikipedia,220,3.410382
1422,2016-12-11_160032,ppfTTAS_KS,wikipedia,220,3.182991
1423,2016-12-11_160032,ppfTTAS_KS,wikipedia,220,2.922388
1424,2016-12-11_160032,ppfTTAS_KS,wikipedia,220,3.1244970000000003
1425,2016-12-11_160032,ppfTTAS_KS,wikipedia,220,3.174169
1426,2016-12-11_160032,ppfTTAS_KS,wikipedia,220,3.4614830000000003
1427,2016-12-11_160032,ppfTTAS_KS,wikipedia,220,3.358195
1428,2016-12-11_160032,ppfTTAS_KS,wikipedia,220,3.146903
1429,2016-12-11_160032,ppfTTAS_KS,wikipedia,220,3.173852
1430,2016-12-11_160032,ppfTTAS_KS,wikipedia,230,4.089033000000001
1431,2016-12-11_160032,ppfTTAS_KS,wikipedia,230,3.95805
1432,2016-12-11_160032,ppfTTAS_KS,wikipedia,230,4.230809
1433,2016-12-11_160032,ppfTTAS_KS,wikipedia,230,4.374746
1434,2016-12-11_160032,ppfTTAS_KS,wikipedia,230,3.951778
1435,2016-12-11_160032,ppfTTAS_KS,wikipedia,230,4.0753129999999995
1436,2016-12-11_160032,ppfTTAS_KS,wikipedia,230,4.104559
1437,2016-12-11_160032,ppfTTAS_KS,wikipedia,230,4.094619000000001
1438,2016-12-11_160032,ppfTTAS_KS,wikipedia,230,4.2570239999999995
1439,2016-12-11_160032,ppfTTAS_KS,wikipedia,230,4.308426
1440,2016-12-11_160032,ppfTTAS_KS,wikipedia,230,4.097035
1441,2016-12-11_160032,ppfTTAS_KS,wikipedia,230,4.0276559999999995
1442,2016-12-11_160032,ppfTTAS_KS,wikipedia,230,4.508203
1443,2016-12-11_160032,ppfTTAS_KS,wikipedia,230,4.108516000000001
1444,2016-12-11_160032,ppfTTAS_KS,wikipedia,230,4.3327230000000005
1445,2016-12-11_160032,ppfTTAS_KS,wikipedia,230,3.984222
1446,2016-12-11_160032,ppfTTAS_KS,wikipedia,230,3.9962989999999996
1447,2016-12-11_160032,ppfTTAS_KS,wikipedia,230,4.379918
1448,2016-12-11_160032,ppfTTAS_KS,wikipedia,230,4.087462
1449,2016-12-11_160032,ppfTTAS_KS,wikipedia,230,4.352859
1450,2016-12-11_160032,ppfTTAS_KS,wikipedia,230,4.269571
1451,2016-12-11_160032,ppfTTAS_KS,wikipedia,230,4.117729
1452,2016-12-11_160032,ppfTTAS_KS,wikipedia,230,4.195936
1453,2016-12-11_160032,ppfTTAS_KS,wikipedia,230,4.032799
1454,2016-12-11_160032,ppfTTAS_KS,wikipedia,230,4.09875
1455,2016-12-11_160032,ppfTTAS_KS,wikipedia,230,3.96795
1456,2016-12-11_160032,ppfTTAS_KS,wikipedia,230,4.254462999999999
1457,2016-12-11_160032,ppfTTAS_KS,wikipedia,230,4.3460019999999995
1458,2016-12-11_160032,ppfTTAS_KS,wikipedia,230,4.249498
1459,2016-12-11_160032,ppfTTAS_KS,wikipedia,230,4.131557
1460,2016-12-11_160032,ppfTTAS_KS,wikipedia,240,2.840102
1461,2016-12-11_160032,ppfTTAS_KS,wikipedia,240,3.378115
1462,2016-12-11_160032,ppfTTAS_KS,wikipedia,240,3.492253
1463,2016-12-11_160032,ppfTTAS_KS,wikipedia,240,3.5135650000000003
1464,2016-12-11_160032,ppfTTAS_KS,wikipedia,240,3.4795339999999997
1465,2016-12-11_160032,ppfTTAS_KS,wikipedia,240,3.3616300000000003
1466,2016-12-11_160032,ppfTTAS_KS,wikipedia,240,3.397236
1467,2016-12-11_160032,ppfTTAS_KS,wikipedia,240,3.6326989999999997
1468,2016-12-11_160032,ppfTTAS_KS,wikipedia,240,3.20114
1469,2016-12-11_160032,ppfTTAS_KS,wikipedia,240,3.382414
1470,2016-12-11_160032,ppfTTAS_KS,wikipedia,240,2.91972
1471,2016-12-11_160032,ppfTTAS_KS,wikipedia,240,3.6560300000000003
1472,2016-12-11_160032,ppfTTAS_KS,wikipedia,240,3.6413010000000003
1473,2016-12-11_160032,ppfTTAS_KS,wikipedia,240,3.2883760000000004
1474,2016-12-11_160032,ppfTTAS_KS,wikipedia,240,3.338507
1475,2016-12-11_160032,ppfTTAS_KS,wikipedia,240,3.1427389999999997
1476,2016-12-11_160032,ppfTTAS_KS,wikipedia,240,3.145779
1477,2016-12-11_160032,ppfTTAS_KS,wikipedia,240,3.28669
1478,2016-12-11_160032,ppfTTAS_KS,wikipedia,240,3.195599
1479,2016-12-11_160032,ppfTTAS_KS,wikipedia,240,3.46716
1480,2016-12-11_160032,ppfTTAS_KS,wikipedia,240,3.247158
1481,2016-12-11_160032,ppfTTAS_KS,wikipedia,240,3.6611839999999995
1482,2016-12-11_160032,ppfTTAS_KS,wikipedia,240,3.249499
1483,2016-12-11_160032,ppfTTAS_KS,wikipedia,240,3.461119
1484,2016-12-11_160032,ppfTTAS_KS,wikipedia,240,3.572858
1485,2016-12-11_160032,ppfTTAS_KS,wikipedia,240,3.67064
1486,2016-12-11_160032,ppfTTAS_KS,wikipedia,240,3.588835
1487,2016-12-11_160032,ppfTTAS_KS,wikipedia,240,3.2132669999999997
1488,2016-12-11_160032,ppfTTAS_KS,wikipedia,240,3.2883410000000004
1489,2016-12-11_160032,ppfTTAS_KS,wikipedia,240,3.5348370000000005
1490,2016-12-11_160032,ppfTTAS_KS,wikipedia,250,4.773276999999999
1491,2016-12-11_160032,ppfTTAS_KS,wikipedia,250,4.606416
1492,2016-12-11_160032,ppfTTAS_KS,wikipedia,250,5.071073999999999
1493,2016-12-11_160032,ppfTTAS_KS,wikipedia,250,4.427949
1494,2016-12-11_160032,ppfTTAS_KS,wikipedia,250,4.6873190000000005
1495,2016-12-11_160032,ppfTTAS_KS,wikipedia,250,4.507066
1496,2016-12-11_160032,ppfTTAS_KS,wikipedia,250,4.602308
1497,2016-12-11_160032,ppfTTAS_KS,wikipedia,250,4.05585
1498,2016-12-11_160032,ppfTTAS_KS,wikipedia,250,4.748055
1499,2016-12-11_160032,ppfTTAS_KS,wikipedia,250,4.925022
1500,2016-12-11_160032,ppfTTAS_KS,wikipedia,250,4.323461
1501,2016-12-11_160032,ppfTTAS_KS,wikipedia,250,4.2403900000000005
1502,2016-12-11_160032,ppfTTAS_KS,wikipedia,250,4.6845349999999994
1503,2016-12-11_160032,ppfTTAS_KS,wikipedia,250,4.717632
1504,2016-12-11_160032,ppfTTAS_KS,wikipedia,250,4.25446
1505,2016-12-11_160032,ppfTTAS_KS,wikipedia,250,4.514287
1506,2016-12-11_160032,ppfTTAS_KS,wikipedia,250,4.757874
1507,2016-12-11_160032,ppfTTAS_KS,wikipedia,250,4.835928
1508,2016-12-11_160032,ppfTTAS_KS,wikipedia,250,4.800619999999999
1509,2016-12-11_160032,ppfTTAS_KS,wikipedia,250,4.585329
1510,2016-12-11_160032,ppfTTAS_KS,wikipedia,250,4.2237800000000005
1511,2016-12-11_160032,ppfTTAS_KS,wikipedia,250,4.481603
1512,2016-12-11_160032,ppfTTAS_KS,wikipedia,250,4.595724
1513,2016-12-11_160032,ppfTTAS_KS,wikipedia,250,4.585643
1514,2016-12-11_160032,ppfTTAS_KS,wikipedia,250,4.9596160000000005
1515,2016-12-11_160032,ppfTTAS_KS,wikipedia,250,4.598539
1516,2016-12-11_160032,ppfTTAS_KS,wikipedia,250,4.313765
1517,2016-12-11_160032,ppfTTAS_KS,wikipedia,250,4.436582
1518,2016-12-11_160032,ppfTTAS_KS,wikipedia,250,4.412125
1519,2016-12-11_160032,ppfTTAS_KS,wikipedia,250,4.029819
